,filename,file_size,file_attributes,region_count,region_id,region_shape_attributes,region_attributes,heigth,width
0,B_002.jpg,122572,"{""caption"":"""",""public_domain"":""no"",""image_url"":""""}",1,0,"{""name"":""rect"",""x"":229,""y"":224,""width"":826,""height"":313}","{""CLASS"":""Boots""}",866,1300
1,B_003.jpg,98922,"{""caption"":"""",""public_domain"":""no"",""image_url"":""""}",1,0,"{""name"":""rect"",""x"":282,""y"":644,""width"":204,""height"":340}","{""CLASS"":""Boots""}",989,800
2,B_004.jpg,516934,"{""caption"":"""",""public_domain"":""no"",""image_url"":""""}",1,0,"{""name"":""rect"",""x"":861,""y"":1020,""width"":228,""height"":158}","{""CLASS"":""Boots""}",1347,2000
3,B_005.jpg,145962,"{""caption"":"""",""public_domain"":""no"",""image_url"":""""}",1,0,"{""name"":""rect"",""x"":190,""y"":808,""width"":305,""height"":145}","{""CLASS"":""Boots""}",1024,658
4,B_006.jpg,12468,"{""caption"":"""",""public_domain"":""no"",""image_url"":""""}",2,0,"{""name"":""rect"",""x"":21,""y"":73,""width"":66,""height"":50}","{""CLASS"":""Boots""}",183,275
5,B_006.jpg,12468,"{""caption"":"""",""public_domain"":""no"",""image_url"":""""}",2,1,"{""name"":""rect"",""x"":135,""y"":96,""width"":97,""height"":70}","{""CLASS"":""Boots""}",183,275
6,B_Img001.jpg,757435,"{""caption"":"""",""public_domain"":""no"",""image_url"":""""}",1,0,"{""name"":""rect"",""x"":207,""y"":309,""width"":1183,""height"":606}","{""CLASS"":""Boots""}",1105,1500
7,H_Img_001.jpg,201596,"{""caption"":"""",""public_domain"":""no"",""image_url"":""""}",1,0,"{""name"":""rect"",""x"":470,""y"":23,""width"":69,""height"":93}","{""CLASS"":""HardHat""}",501,816
8,H_Img_002.jpg,14646,"{""caption"":"""",""public_domain"":""no"",""image_url"":""""}",1,0,"{""name"":""rect"",""x"":89,""y"":28,""width"":99,""height"":41}","{""CLASS"":""HardHat""}",192,262
9,H_Img_003.jpg,11206,"{""caption"":"""",""public_domain"":""no"",""image_url"":""""}",1,0,"{""name"":""rect"",""x"":49,""y"":46,""width"":75,""height"":54}","{""CLASS"":""HardHat""}",169,298
10,H_Img_004.jpg,85384,"{""caption"":"""",""public_domain"":""no"",""image_url"":""""}",1,0,"{""name"":""rect"",""x"":299,""y"":19,""width"":318,""height"":258}","{""CLASS"":""HardHat""}",1300,866
11,H_Img_005.jpg,93618,"{""caption"":"""",""public_domain"":""no"",""image_url"":""""}",1,0,"{""name"":""rect"",""x"":67,""y"":22,""width"":434,""height"":280}","{""CLASS"":""HardHat""}",866,1300
12,H_Img_006.jpg,106645,"{""caption"":"""",""public_domain"":""no"",""image_url"":""""}",1,0,"{""name"":""rect"",""x"":194,""y"":65,""width"":519,""height"":354}","{""CLASS"":""HardHat""}",1300,894
13,H_Img_007.jpg,10879,"{""caption"":"""",""public_domain"":""no"",""image_url"":""""}",1,0,"{""name"":""rect"",""x"":45,""y"":-1,""width"":100,""height"":69}","{""CLASS"":""HardHat""}",176,286
14,H_Img_008.jpg,6701,"{""caption"":"""",""public_domain"":""no"",""image_url"":""""}",1,0,"{""name"":""rect"",""x"":130,""y"":6,""width"":85,""height"":45}","{""CLASS"":""HardHat""}",163,309
15,H_Img_010.jpg,8588,"{""caption"":"""",""public_domain"":""no"",""image_url"":""""}",1,0,"{""name"":""rect"",""x"":18,""y"":10,""width"":169,""height"":105}","{""CLASS"":""HardHat""}",225,225
16,HB_Img001.jpg,113692,"{""caption"":"""",""public_domain"":""no"",""image_url"":""""}",2,0,"{""name"":""rect"",""x"":393,""y"":165,""width"":81,""height"":75}","{""CLASS"":""HardHat""}",600,900
17,HB_Img001.jpg,113692,"{""caption"":"""",""public_domain"":""no"",""image_url"":""""}",2,1,"{""name"":""rect"",""x"":618,""y"":405,""width"":131,""height"":140}","{""CLASS"":""Boots""}",600,900
18,HB_Img002.jpg,171237,"{""caption"":"""",""public_domain"":""no"",""image_url"":""""}",2,0,"{""name"":""rect"",""x"":341,""y"":40,""width"":164,""height"":111}","{""CLASS"":""HardHat""}",1024,768
19,HB_Img002.jpg,171237,"{""caption"":"""",""public_domain"":""no"",""image_url"":""""}",2,1,"{""name"":""rect"",""x"":224,""y"":806,""width"":360,""height"":200}","{""CLASS"":""Boots""}",1024,768
20,HB_Img003.jpg,94534,"{""caption"":"""",""public_domain"":""no"",""image_url"":""""}",2,0,"{""name"":""rect"",""x"":385,""y"":74,""width"":282,""height"":194}","{""CLASS"":""HardHat""}",1300,866
21,HB_Img003.jpg,94534,"{""caption"":"""",""public_domain"":""no"",""image_url"":""""}",2,1,"{""name"":""rect"",""x"":69,""y"":890,""width"":514,""height"":273}","{""CLASS"":""Boots""}",1300,866
22,HM_Img_001.jpg,281027,"{""caption"":"""",""public_domain"":""no"",""image_url"":""""}",2,0,"{""name"":""rect"",""x"":584,""y"":0,""width"":331,""height"":214}","{""CLASS"":""HardHat""}",682,1024
23,HM_Img_001.jpg,281027,"{""caption"":"""",""public_domain"":""no"",""image_url"":""""}",2,1,"{""name"":""rect"",""x"":615,""y"":226,""width"":201,""height"":188}","{""CLASS"":""Masks""}",682,1024
24,HM_Img_002.jpg,23932,"{""caption"":"""",""public_domain"":""no"",""image_url"":""""}",2,0,"{""name"":""rect"",""x"":372,""y"":9,""width"":162,""height"":116}","{""CLASS"":""HardHat""}",534,800
25,HM_Img_002.jpg,23932,"{""caption"":"""",""public_domain"":""no"",""image_url"":""""}",2,1,"{""name"":""rect"",""x"":397,""y"":145,""width"":89,""height"":91}","{""CLASS"":""Masks""}",534,800
26,HM_Img_003.jpg,7240,"{""caption"":"""",""public_domain"":""no"",""image_url"":""""}",2,0,"{""name"":""rect"",""x"":57,""y"":26,""width"":104,""height"":68}","{""CLASS"":""HardHat""}",183,275
27,HM_Img_003.jpg,7240,"{""caption"":"""",""public_domain"":""no"",""image_url"":""""}",2,1,"{""name"":""rect"",""x"":68,""y"":97,""width"":69,""height"":60}","{""CLASS"":""Masks""}",183,275
28,HM_Img_004.jpg,244107,"{""caption"":"""",""public_domain"":""no"",""image_url"":""""}",2,0,"{""name"":""rect"",""x"":473,""y"":10,""width"":315,""height"":187}","{""CLASS"":""HardHat""}",682,1024
29,HM_Img_004.jpg,244107,"{""caption"":"""",""public_domain"":""no"",""image_url"":""""}",2,1,"{""name"":""rect"",""x"":508,""y"":236,""width"":194,""height"":170}","{""CLASS"":""Masks""}",682,1024
30,HM_Img_005.jpg,266774,"{""caption"":"""",""public_domain"":""no"",""image_url"":""""}",2,0,"{""name"":""rect"",""x"":465,""y"":38,""width"":292,""height"":163}","{""CLASS"":""HardHat""}",682,1024
31,HM_Img_005.jpg,266774,"{""caption"":"""",""public_domain"":""no"",""image_url"":""""}",2,1,"{""name"":""rect"",""x"":511,""y"":199,""width"":206,""height"":133}","{""CLASS"":""Masks""}",682,1024
32,HM_Img_006.jpg,28868,"{""caption"":"""",""public_domain"":""no"",""image_url"":""""}",2,0,"{""name"":""rect"",""x"":138,""y"":-1,""width"":218,""height"":164}","{""CLASS"":""HardHat""}",331,553
33,HM_Img_006.jpg,28868,"{""caption"":"""",""public_domain"":""no"",""image_url"":""""}",2,1,"{""name"":""rect"",""x"":240,""y"":134,""width"":103,""height"":61}","{""CLASS"":""Masks""}",331,553
34,HM_Img_007.jpg,65132,"{""caption"":"""",""public_domain"":""no"",""image_url"":""""}",2,0,"{""name"":""rect"",""x"":27,""y"":2,""width"":319,""height"":165}","{""CLASS"":""HardHat""}",417,626
35,HM_Img_007.jpg,65132,"{""caption"":"""",""public_domain"":""no"",""image_url"":""""}",2,1,"{""name"":""rect"",""x"":163,""y"":152,""width"":135,""height"":125}","{""CLASS"":""Masks""}",417,626
36,HM_Img_008.jpg,58777,"{""caption"":"""",""public_domain"":""no"",""image_url"":""""}",2,0,"{""name"":""rect"",""x"":442,""y"":12,""width"":172,""height"":116}","{""CLASS"":""HardHat""}",534,800
37,HM_Img_008.jpg,58777,"{""caption"":"""",""public_domain"":""no"",""image_url"":""""}",2,1,"{""name"":""rect"",""x"":475,""y"":124,""width"":95,""height"":66}","{""CLASS"":""Masks""}",534,800
38,HM_Img_009.jpg,108651,"{""caption"":"""",""public_domain"":""no"",""image_url"":""""}",2,0,"{""name"":""rect"",""x"":602,""y"":53,""width"":368,""height"":223}","{""CLASS"":""HardHat""}",1157,1600
39,HM_Img_009.jpg,108651,"{""caption"":"""",""public_domain"":""no"",""image_url"":""""}",2,1,"{""name"":""rect"",""x"":683,""y"":283,""width"":226,""height"":209}","{""CLASS"":""Masks""}",1157,1600
40,HM_Img_010.jpg,7973,"{""caption"":"""",""public_domain"":""no"",""image_url"":""""}",2,0,"{""name"":""rect"",""x"":102,""y"":29,""width"":48,""height"":32}","{""CLASS"":""HardHat""}",162,311
41,HM_Img_010.jpg,7973,"{""caption"":"""",""public_domain"":""no"",""image_url"":""""}",2,1,"{""name"":""rect"",""x"":117,""y"":63,""width"":24,""height"":23}","{""CLASS"":""Masks""}",162,311
42,HMB_Img_001.jpg,49449,"{""caption"":"""",""public_domain"":""no"",""image_url"":""""}",3,0,"{""name"":""rect"",""x"":135,""y"":199,""width"":64,""height"":53}","{""CLASS"":""HardHat""}",501,334
43,HMB_Img_001.jpg,49449,"{""caption"":"""",""public_domain"":""no"",""image_url"":""""}",3,1,"{""name"":""rect"",""x"":138,""y"":242,""width"":46,""height"":26}","{""CLASS"":""Masks""}",501,334
44,HMB_Img_001.jpg,49449,"{""caption"":"""",""public_domain"":""no"",""image_url"":""""}",3,2,"{""name"":""rect"",""x"":109,""y"":244,""width"":91,""height"":133}","{""CLASS"":""Vests""}",501,334
45,HMB_Img_002.jpg,229404,"{""caption"":"""",""public_domain"":""no"",""image_url"":""""}",9,0,"{""name"":""rect"",""x"":184,""y"":81,""width"":222,""height"":127}","{""CLASS"":""HardHat""}",900,1200
46,HMB_Img_002.jpg,229404,"{""caption"":"""",""public_domain"":""no"",""image_url"":""""}",9,1,"{""name"":""rect"",""x"":472,""y"":63,""width"":91,""height"":88}","{""CLASS"":""HardHat""}",900,1200
47,HMB_Img_002.jpg,229404,"{""caption"":"""",""public_domain"":""no"",""image_url"":""""}",9,2,"{""name"":""rect"",""x"":788,""y"":96,""width"":132,""height"":89}","{""CLASS"":""HardHat""}",900,1200
48,HMB_Img_002.jpg,229404,"{""caption"":"""",""public_domain"":""no"",""image_url"":""""}",9,3,"{""name"":""rect"",""x"":270,""y"":200,""width"":86,""height"":58}","{""CLASS"":""Masks""}",900,1200
49,HMB_Img_002.jpg,229404,"{""caption"":"""",""public_domain"":""no"",""image_url"":""""}",9,4,"{""name"":""rect"",""x"":477,""y"":139,""width"":63,""height"":55}","{""CLASS"":""Masks""}",900,1200
50,HMB_Img_002.jpg,229404,"{""caption"":"""",""public_domain"":""no"",""image_url"":""""}",9,5,"{""name"":""rect"",""x"":831,""y"":190,""width"":66,""height"":53}","{""CLASS"":""Masks""}",900,1200
51,HMB_Img_002.jpg,229404,"{""caption"":"""",""public_domain"":""no"",""image_url"":""""}",9,6,"{""name"":""rect"",""x"":705,""y"":641,""width"":255,""height"":113}","{""CLASS"":""Boots""}",900,1200
52,HMB_Img_002.jpg,229404,"{""caption"":"""",""public_domain"":""no"",""image_url"":""""}",9,7,"{""name"":""rect"",""x"":444,""y"":672,""width"":53,""height"":63}","{""CLASS"":""Boots""}",900,1200
53,HMB_Img_002.jpg,229404,"{""caption"":"""",""public_domain"":""no"",""image_url"":""""}",9,8,"{""name"":""rect"",""x"":333,""y"":829,""width"":132,""height"":63}","{""CLASS"":""Boots""}",900,1200
54,HV_001.jpg,44453,"{""caption"":"""",""public_domain"":""no"",""image_url"":""""}",2,0,"{""name"":""rect"",""x"":395,""y"":156,""width"":212,""height"":130}","{""CLASS"":""HardHat""}",500,750
55,HV_001.jpg,44453,"{""caption"":"""",""public_domain"":""no"",""image_url"":""""}",2,1,"{""name"":""rect"",""x"":309,""y"":355,""width"":356,""height"":144}","{""CLASS"":""Vests""}",500,750
56,HV_002.jpg,27167,"{""caption"":"""",""public_domain"":""no"",""image_url"":""""}",2,0,"{""name"":""rect"",""x"":78,""y"":70,""width"":131,""height"":74}","{""CLASS"":""HardHat""}",500,335
57,HV_002.jpg,27167,"{""caption"":"""",""public_domain"":""no"",""image_url"":""""}",2,1,"{""name"":""rect"",""x"":31,""y"":178,""width"":225,""height"":277}","{""CLASS"":""Vests""}",500,335
58,HV_003.jpg,26612,"{""caption"":"""",""public_domain"":""no"",""image_url"":""""}",2,0,"{""name"":""rect"",""x"":139,""y"":84,""width"":90,""height"":77}","{""CLASS"":""HardHat""}",501,334
59,HV_003.jpg,26612,"{""caption"":"""",""public_domain"":""no"",""image_url"":""""}",2,1,"{""name"":""rect"",""x"":71,""y"":182,""width"":186,""height"":189}","{""CLASS"":""Vests""}",501,334
60,HV_004.jpg,64564,"{""caption"":"""",""public_domain"":""no"",""image_url"":""""}",2,0,"{""name"":""rect"",""x"":50,""y"":0,""width"":200,""height"":136}","{""CLASS"":""HardHat""}",500,667
61,HV_004.jpg,64564,"{""caption"":"""",""public_domain"":""no"",""image_url"":""""}",2,1,"{""name"":""rect"",""x"":10,""y"":153,""width"":317,""height"":346}","{""CLASS"":""Vests""}",500,667
62,HV_005.jpg,85240,"{""caption"":"""",""public_domain"":""no"",""image_url"":""""}",2,0,"{""name"":""rect"",""x"":390,""y"":19,""width"":186,""height"":132}","{""CLASS"":""HardHat""}",500,750
63,HV_005.jpg,85240,"{""caption"":"""",""public_domain"":""no"",""image_url"":""""}",2,1,"{""name"":""rect"",""x"":483,""y"":106,""width"":134,""height"":248}","{""CLASS"":""Vests""}",500,750
64,HV_006.jpg,87834,"{""caption"":"""",""public_domain"":""no"",""image_url"":""""}",3,0,"{""name"":""rect"",""x"":366,""y"":226,""width"":33,""height"":33}","{""CLASS"":""HardHat""}",500,750
65,HV_006.jpg,87834,"{""caption"":"""",""public_domain"":""no"",""image_url"":""""}",3,1,"{""name"":""rect"",""x"":358,""y"":260,""width"":60,""height"":62}","{""CLASS"":""Vests""}",500,750
66,HV_006.jpg,87834,"{""caption"":"""",""public_domain"":""no"",""image_url"":""""}",3,2,"{""name"":""rect"",""x"":337,""y"":372,""width"":50,""height"":37}","{""CLASS"":""Boots""}",500,750
67,HV_007.jpg,73523,"{""caption"":"""",""public_domain"":""no"",""image_url"":""""}",4,0,"{""name"":""rect"",""x"":289,""y"":181,""width"":92,""height"":84}","{""CLASS"":""HardHat""}",500,750
68,HV_007.jpg,73523,"{""caption"":"""",""public_domain"":""no"",""image_url"":""""}",4,1,"{""name"":""rect"",""x"":185,""y"":128,""width"":52,""height"":43}","{""CLASS"":""HardHat""}",500,750
69,HV_007.jpg,73523,"{""caption"":"""",""public_domain"":""no"",""image_url"":""""}",4,2,"{""name"":""rect"",""x"":162,""y"":172,""width"":81,""height"":64}","{""CLASS"":""Vests""}",500,750
70,HV_007.jpg,73523,"{""caption"":"""",""public_domain"":""no"",""image_url"":""""}",4,3,"{""name"":""rect"",""x"":273,""y"":299,""width"":136,""height"":166}","{""CLASS"":""Vests""}",500,750
71,HV_008.jpg,21953,"{""caption"":"""",""public_domain"":""no"",""image_url"":""""}",2,0,"{""name"":""rect"",""x"":76,""y"":54,""width"":69,""height"":70}","{""CLASS"":""HardHat""}",333,500
72,HV_008.jpg,21953,"{""caption"":"""",""public_domain"":""no"",""image_url"":""""}",2,1,"{""name"":""rect"",""x"":36,""y"":126,""width"":127,""height"":94}","{""CLASS"":""Vests""}",333,500
73,HV_009.jpg,91468,"{""caption"":"""",""public_domain"":""no"",""image_url"":""""}",3,0,"{""name"":""rect"",""x"":326,""y"":62,""width"":77,""height"":54}","{""CLASS"":""HardHat""}",419,745
74,HV_009.jpg,91468,"{""caption"":"""",""public_domain"":""no"",""image_url"":""""}",3,1,"{""name"":""rect"",""x"":291,""y"":114,""width"":112,""height"":117}","{""CLASS"":""Vests""}",419,745
75,HV_009.jpg,91468,"{""caption"":"""",""public_domain"":""no"",""image_url"":""""}",3,2,"{""name"":""rect"",""x"":434,""y"":302,""width"":56,""height"":48}","{""CLASS"":""Boots""}",419,745
76,HV_010.jpg,10093,"{""caption"":"""",""public_domain"":""no"",""image_url"":""""}",2,0,"{""name"":""rect"",""x"":138,""y"":15,""width"":38,""height"":28}","{""CLASS"":""HardHat""}",175,288
77,HV_010.jpg,10093,"{""caption"":"""",""public_domain"":""no"",""image_url"":""""}",2,1,"{""name"":""rect"",""x"":121,""y"":36,""width"":76,""height"":70}","{""CLASS"":""Vests""}",175,288
78,HV_011.jpg,10036,"{""caption"":"""",""public_domain"":""no"",""image_url"":""""}",2,0,"{""name"":""rect"",""x"":53,""y"":31,""width"":76,""height"":56}","{""CLASS"":""HardHat""}",284,177
79,HV_011.jpg,10036,"{""caption"":"""",""public_domain"":""no"",""image_url"":""""}",2,1,"{""name"":""rect"",""x"":37,""y"":96,""width"":110,""height"":171}","{""CLASS"":""Vests""}",284,177
80,HV_013.jpg,430470,"{""caption"":"""",""public_domain"":""no"",""image_url"":""""}",4,0,"{""name"":""rect"",""x"":924,""y"":228,""width"":343,""height"":273}","{""CLASS"":""HardHat""}",1279,2048
81,HV_013.jpg,430470,"{""caption"":"""",""public_domain"":""no"",""image_url"":""""}",4,1,"{""name"":""rect"",""x"":1354,""y"":153,""width"":320,""height"":223}","{""CLASS"":""HardHat""}",1279,2048
82,HV_013.jpg,430470,"{""caption"":"""",""public_domain"":""no"",""image_url"":""""}",4,2,"{""name"":""rect"",""x"":785,""y"":590,""width"":637,""height"":684}","{""CLASS"":""Vests""}",1279,2048
83,HV_013.jpg,430470,"{""caption"":"""",""public_domain"":""no"",""image_url"":""""}",4,3,"{""name"":""rect"",""x"":1418,""y"":437,""width"":616,""height"":755}","{""CLASS"":""Vests""}",1279,2048
84,HV_014.jpg,10973,"{""caption"":"""",""public_domain"":""no"",""image_url"":""""}",5,0,"{""name"":""rect"",""x"":163,""y"":6,""width"":59,""height"":46}","{""CLASS"":""HardHat""}",183,275
85,HV_014.jpg,10973,"{""caption"":"""",""public_domain"":""no"",""image_url"":""""}",5,1,"{""name"":""rect"",""x"":60,""y"":78,""width"":25,""height"":31}","{""CLASS"":""Vests""}",183,275
86,HV_014.jpg,10973,"{""caption"":"""",""public_domain"":""no"",""image_url"":""""}",5,2,"{""name"":""rect"",""x"":150,""y"":51,""width"":96,""height"":107}","{""CLASS"":""Vests""}",183,275
87,HV_014.jpg,10973,"{""caption"":"""",""public_domain"":""no"",""image_url"":""""}",5,3,"{""name"":""rect"",""x"":108,""y"":50,""width"":27,""height"":50}","{""CLASS"":""Vests""}",183,275
88,HV_014.jpg,10973,"{""caption"":"""",""public_domain"":""no"",""image_url"":""""}",5,4,"{""name"":""rect"",""x"":48,""y"":50,""width"":40,""height"":27}","{""CLASS"":""HardHat""}",183,275
89,HV_015.jpg,6093,"{""caption"":"""",""public_domain"":""no"",""image_url"":""""}",2,0,"{""name"":""rect"",""x"":57,""y"":11,""width"":101,""height"":50}","{""CLASS"":""HardHat""}",183,275
90,HV_015.jpg,6093,"{""caption"":"""",""public_domain"":""no"",""image_url"":""""}",2,1,"{""name"":""rect"",""x"":57,""y"":96,""width"":113,""height"":83}","{""CLASS"":""Vests""}",183,275
91,HVB_Img_001.jpg,42862,"{""caption"":"""",""public_domain"":""no"",""image_url"":""""}",4,0,"{""name"":""rect"",""x"":145,""y"":204,""width"":44,""height"":44}","{""CLASS"":""HardHat""}",501,334
92,HVB_Img_001.jpg,42862,"{""caption"":"""",""public_domain"":""no"",""image_url"":""""}",4,1,"{""name"":""rect"",""x"":133,""y"":233,""width"":78,""height"":74}","{""CLASS"":""Vests""}",501,334
93,HVB_Img_001.jpg,42862,"{""caption"":"""",""public_domain"":""no"",""image_url"":""""}",4,2,"{""name"":""rect"",""x"":155,""y"":375,""width"":60,""height"":45}","{""CLASS"":""Boots""}",501,334
94,HVB_Img_001.jpg,42862,"{""caption"":"""",""public_domain"":""no"",""image_url"":""""}",4,3,"{""name"":""rect"",""x"":21,""y"":296,""width"":67,""height"":55}","{""CLASS"":""HardHat""}",501,334
95,HVB_Img_002.jpg,32162,"{""caption"":"""",""public_domain"":""no"",""image_url"":""""}",3,0,"{""name"":""rect"",""x"":142,""y"":51,""width"":50,""height"":39}","{""CLASS"":""HardHat""}",500,375
96,HVB_Img_002.jpg,32162,"{""caption"":"""",""public_domain"":""no"",""image_url"":""""}",3,1,"{""name"":""rect"",""x"":141,""y"":96,""width"":75,""height"":90}","{""CLASS"":""Vests""}",500,375
97,HVB_Img_002.jpg,32162,"{""caption"":"""",""public_domain"":""no"",""image_url"":""""}",3,2,"{""name"":""rect"",""x"":146,""y"":225,""width"":76,""height"":44}","{""CLASS"":""Boots""}",500,375
98,HVB_Img_003.jpg,48533,"{""caption"":"""",""public_domain"":""no"",""image_url"":""""}",3,0,"{""name"":""rect"",""x"":279,""y"":100,""width"":77,""height"":60}","{""CLASS"":""HardHat""}",500,750
99,HVB_Img_003.jpg,48533,"{""caption"":"""",""public_domain"":""no"",""image_url"":""""}",3,1,"{""name"":""rect"",""x"":297,""y"":171,""width"":92,""height"":134}","{""CLASS"":""Vests""}",500,750
100,HVB_Img_003.jpg,48533,"{""caption"":"""",""public_domain"":""no"",""image_url"":""""}",3,2,"{""name"":""rect"",""x"":290,""y"":398,""width"":120,""height"":100}","{""CLASS"":""Boots""}",500,750
101,HVB_Img_004.jpg,115646,"{""caption"":"""",""public_domain"":""no"",""image_url"":""""}",10,0,"{""name"":""rect"",""x"":113,""y"":18,""width"":79,""height"":56}","{""CLASS"":""HardHat""}",500,667
102,HVB_Img_004.jpg,115646,"{""caption"":"""",""public_domain"":""no"",""image_url"":""""}",10,1,"{""name"":""rect"",""x"":319,""y"":95,""width"":40,""height"":60}","{""CLASS"":""HardHat""}",500,667
103,HVB_Img_004.jpg,115646,"{""caption"":"""",""public_domain"":""no"",""image_url"":""""}",10,2,"{""name"":""rect"",""x"":518,""y"":58,""width"":60,""height"":65}","{""CLASS"":""HardHat""}",500,667
104,HVB_Img_004.jpg,115646,"{""caption"":"""",""public_domain"":""no"",""image_url"":""""}",10,3,"{""name"":""rect"",""x"":66,""y"":48,""width"":43,""height"":53}","{""CLASS"":""HardHat""}",500,667
105,HVB_Img_004.jpg,115646,"{""caption"":"""",""public_domain"":""no"",""image_url"":""""}",10,4,"{""name"":""rect"",""x"":50,""y"":388,""width"":136,""height"":64}","{""CLASS"":""Boots""}",500,667
106,HVB_Img_004.jpg,115646,"{""caption"":"""",""public_domain"":""no"",""image_url"":""""}",10,5,"{""name"":""rect"",""x"":353,""y"":314,""width"":132,""height"":73}","{""CLASS"":""Boots""}",500,667
107,HVB_Img_004.jpg,115646,"{""caption"":"""",""public_domain"":""no"",""image_url"":""""}",10,6,"{""name"":""rect"",""x"":540,""y"":345,""width"":120,""height"":43}","{""CLASS"":""Boots""}",500,667
108,HVB_Img_004.jpg,115646,"{""caption"":"""",""public_domain"":""no"",""image_url"":""""}",10,7,"{""name"":""rect"",""x"":58,""y"":81,""width"":123,""height"":153}","{""CLASS"":""Vests""}",500,667
109,HVB_Img_004.jpg,115646,"{""caption"":"""",""public_domain"":""no"",""image_url"":""""}",10,8,"{""name"":""rect"",""x"":550,""y"":69,""width"":106,""height"":134}","{""CLASS"":""Vests""}",500,667
110,HVB_Img_004.jpg,115646,"{""caption"":"""",""public_domain"":""no"",""image_url"":""""}",10,9,"{""name"":""rect"",""x"":384,""y"":98,""width"":79,""height"":138}","{""CLASS"":""Vests""}",500,667
111,HVB_Img_005.jpg,42124,"{""caption"":"""",""public_domain"":""no"",""image_url"":""""}",3,0,"{""name"":""rect"",""x"":80,""y"":109,""width"":60,""height"":50}","{""CLASS"":""HardHat""}",502,277
112,HVB_Img_005.jpg,42124,"{""caption"":"""",""public_domain"":""no"",""image_url"":""""}",3,1,"{""name"":""rect"",""x"":74,""y"":168,""width"":90,""height"":102}","{""CLASS"":""Vests""}",502,277
113,HVB_Img_005.jpg,42124,"{""caption"":"""",""public_domain"":""no"",""image_url"":""""}",3,2,"{""name"":""rect"",""x"":48,""y"":345,""width"":83,""height"":52}","{""CLASS"":""Boots""}",502,277
114,HVB_Img_006.jpg,78423,"{""caption"":"""",""public_domain"":""no"",""image_url"":""""}",3,0,"{""name"":""rect"",""x"":142,""y"":257,""width"":43,""height"":26}","{""CLASS"":""HardHat""}",501,334
115,HVB_Img_006.jpg,78423,"{""caption"":"""",""public_domain"":""no"",""image_url"":""""}",3,1,"{""name"":""rect"",""x"":132,""y"":282,""width"":76,""height"":83}","{""CLASS"":""Vests""}",501,334
116,HVB_Img_006.jpg,78423,"{""caption"":"""",""public_domain"":""no"",""image_url"":""""}",3,2,"{""name"":""rect"",""x"":123,""y"":411,""width"":91,""height"":64}","{""CLASS"":""Boots""}",501,334
117,HVB_Img_007.jpg,77173,"{""caption"":"""",""public_domain"":""no"",""image_url"":""""}",3,0,"{""name"":""rect"",""x"":154,""y"":194,""width"":51,""height"":61}","{""CLASS"":""HardHat""}",750,500
118,HVB_Img_007.jpg,77173,"{""caption"":"""",""public_domain"":""no"",""image_url"":""""}",3,1,"{""name"":""rect"",""x"":116,""y"":256,""width"":131,""height"":172}","{""CLASS"":""Vests""}",750,500
119,HVB_Img_007.jpg,77173,"{""caption"":"""",""public_domain"":""no"",""image_url"":""""}",3,2,"{""name"":""rect"",""x"":140,""y"":629,""width"":101,""height"":67}","{""CLASS"":""Boots""}",750,500
120,HVB_Img_008.jpg,68196,"{""caption"":"""",""public_domain"":""no"",""image_url"":""""}",6,0,"{""name"":""rect"",""x"":128,""y"":32,""width"":67,""height"":47}","{""CLASS"":""HardHat""}",500,375
121,HVB_Img_008.jpg,68196,"{""caption"":"""",""public_domain"":""no"",""image_url"":""""}",6,1,"{""name"":""rect"",""x"":227,""y"":35,""width"":59,""height"":41}","{""CLASS"":""HardHat""}",500,375
122,HVB_Img_008.jpg,68196,"{""caption"":"""",""public_domain"":""no"",""image_url"":""""}",6,2,"{""name"":""rect"",""x"":103,""y"":113,""width"":123,""height"":140}","{""CLASS"":""Vests""}",500,375
123,HVB_Img_008.jpg,68196,"{""caption"":"""",""public_domain"":""no"",""image_url"":""""}",6,3,"{""name"":""rect"",""x"":226,""y"":94,""width"":101,""height"":134}","{""CLASS"":""Vests""}",500,375
124,HVB_Img_008.jpg,68196,"{""caption"":"""",""public_domain"":""no"",""image_url"":""""}",6,4,"{""name"":""rect"",""x"":239,""y"":429,""width"":100,""height"":56}","{""CLASS"":""Boots""}",500,375
125,HVB_Img_008.jpg,68196,"{""caption"":"""",""public_domain"":""no"",""image_url"":""""}",6,5,"{""name"":""rect"",""x"":100,""y"":384,""width"":113,""height"":95}","{""CLASS"":""Boots""}",500,375
126,HVB_Img_009.jpg,70789,"{""caption"":"""",""public_domain"":""no"",""image_url"":""""}",4,0,"{""name"":""rect"",""x"":296,""y"":266,""width"":44,""height"":33}","{""CLASS"":""HardHat""}",501,408
127,HVB_Img_009.jpg,70789,"{""caption"":"""",""public_domain"":""no"",""image_url"":""""}",4,1,"{""name"":""rect"",""x"":288,""y"":309,""width"":65,""height"":70}","{""CLASS"":""Vests""}",501,408
128,HVB_Img_009.jpg,70789,"{""caption"":"""",""public_domain"":""no"",""image_url"":""""}",4,2,"{""name"":""rect"",""x"":192,""y"":262,""width"":72,""height"":68}","{""CLASS"":""Vests""}",501,408
129,HVB_Img_009.jpg,70789,"{""caption"":"""",""public_domain"":""no"",""image_url"":""""}",4,3,"{""name"":""rect"",""x"":267,""y"":436,""width"":83,""height"":52}","{""CLASS"":""Boots""}",501,408
130,HVB_Img_010.jpg,198869,"{""caption"":"""",""public_domain"":""no"",""image_url"":""""}",3,0,"{""name"":""rect"",""x"":711,""y"":313,""width"":164,""height"":127}","{""CLASS"":""HardHat""}",1000,1500
131,HVB_Img_010.jpg,198869,"{""caption"":"""",""public_domain"":""no"",""image_url"":""""}",3,1,"{""name"":""rect"",""x"":1197,""y"":132,""width"":188,""height"":110}","{""CLASS"":""HardHat""}",1000,1500
132,HVB_Img_010.jpg,198869,"{""caption"":"""",""public_domain"":""no"",""image_url"":""""}",3,2,"{""name"":""rect"",""x"":1248,""y"":752,""width"":134,""height"":97}","{""CLASS"":""Boots""}",1000,1500
133,HVB_Img_011.jpg,49829,"{""caption"":"""",""public_domain"":""no"",""image_url"":""""}",3,0,"{""name"":""rect"",""x"":180,""y"":53,""width"":66,""height"":64}","{""CLASS"":""HardHat""}",501,334
134,HVB_Img_011.jpg,49829,"{""caption"":"""",""public_domain"":""no"",""image_url"":""""}",3,1,"{""name"":""rect"",""x"":153,""y"":103,""width"":95,""height"":105}","{""CLASS"":""Vests""}",501,334
135,HVB_Img_011.jpg,49829,"{""caption"":"""",""public_domain"":""no"",""image_url"":""""}",3,2,"{""name"":""rect"",""x"":211,""y"":324,""width"":56,""height"":72}","{""CLASS"":""Boots""}",501,334
136,HVB_Img_012.jpg,81115,"{""caption"":"""",""public_domain"":""no"",""image_url"":""""}",14,0,"{""name"":""rect"",""x"":71,""y"":231,""width"":47,""height"":31}","{""CLASS"":""HardHat""}",500,500
137,HVB_Img_012.jpg,81115,"{""caption"":"""",""public_domain"":""no"",""image_url"":""""}",14,1,"{""name"":""rect"",""x"":134,""y"":216,""width"":33,""height"":36}","{""CLASS"":""HardHat""}",500,500
138,HVB_Img_012.jpg,81115,"{""caption"":"""",""public_domain"":""no"",""image_url"":""""}",14,2,"{""name"":""rect"",""x"":188,""y"":222,""width"":41,""height"":33}","{""CLASS"":""HardHat""}",500,500
139,HVB_Img_012.jpg,81115,"{""caption"":"""",""public_domain"":""no"",""image_url"":""""}",14,3,"{""name"":""rect"",""x"":368,""y"":271,""width"":44,""height"":41}","{""CLASS"":""HardHat""}",500,500
140,HVB_Img_012.jpg,81115,"{""caption"":"""",""public_domain"":""no"",""image_url"":""""}",14,4,"{""name"":""rect"",""x"":328,""y"":304,""width"":96,""height"":68}","{""CLASS"":""Vests""}",500,500
141,HVB_Img_012.jpg,81115,"{""caption"":"""",""public_domain"":""no"",""image_url"":""""}",14,5,"{""name"":""rect"",""x"":202,""y"":257,""width"":42,""height"":85}","{""CLASS"":""Vests""}",500,500
142,HVB_Img_012.jpg,81115,"{""caption"":"""",""public_domain"":""no"",""image_url"":""""}",14,6,"{""name"":""rect"",""x"":170,""y"":265,""width"":15,""height"":58}","{""CLASS"":""Vests""}",500,500
143,HVB_Img_012.jpg,81115,"{""caption"":"""",""public_domain"":""no"",""image_url"":""""}",14,7,"{""name"":""rect"",""x"":166,""y"":244,""width"":22,""height"":22}","{""CLASS"":""HardHat""}",500,500
144,HVB_Img_012.jpg,81115,"{""caption"":"""",""public_domain"":""no"",""image_url"":""""}",14,8,"{""name"":""rect"",""x"":33,""y"":257,""width"":61,""height"":92}","{""CLASS"":""Vests""}",500,500
145,HVB_Img_012.jpg,81115,"{""caption"":"""",""public_domain"":""no"",""image_url"":""""}",14,9,"{""name"":""rect"",""x"":39,""y"":403,""width"":60,""height"":39}","{""CLASS"":""Boots""}",500,500
146,HVB_Img_012.jpg,81115,"{""caption"":"""",""public_domain"":""no"",""image_url"":""""}",14,10,"{""name"":""rect"",""x"":119,""y"":398,""width"":60,""height"":37}","{""CLASS"":""Boots""}",500,500
147,HVB_Img_012.jpg,81115,"{""caption"":"""",""public_domain"":""no"",""image_url"":""""}",14,11,"{""name"":""rect"",""x"":194,""y"":403,""width"":70,""height"":45}","{""CLASS"":""Boots""}",500,500
148,HVB_Img_012.jpg,81115,"{""caption"":"""",""public_domain"":""no"",""image_url"":""""}",14,12,"{""name"":""rect"",""x"":311,""y"":401,""width"":63,""height"":39}","{""CLASS"":""Boots""}",500,500
149,HVB_Img_012.jpg,81115,"{""caption"":"""",""public_domain"":""no"",""image_url"":""""}",14,13,"{""name"":""rect"",""x"":175,""y"":364,""width"":12,""height"":30}","{""CLASS"":""Boots""}",500,500
150,HVB_Img_013.jpg,69116,"{""caption"":"""",""public_domain"":""no"",""image_url"":""""}",5,0,"{""name"":""rect"",""x"":71,""y"":215,""width"":78,""height"":58}","{""CLASS"":""Boots""}",500,375
151,HVB_Img_013.jpg,69116,"{""caption"":"""",""public_domain"":""no"",""image_url"":""""}",5,1,"{""name"":""rect"",""x"":88,""y"":86,""width"":72,""height"":94}","{""CLASS"":""Vests""}",500,375
152,HVB_Img_013.jpg,69116,"{""caption"":"""",""public_domain"":""no"",""image_url"":""""}",5,2,"{""name"":""rect"",""x"":76,""y"":29,""width"":58,""height"":44}","{""CLASS"":""HardHat""}",500,375
153,HVB_Img_013.jpg,69116,"{""caption"":"""",""public_domain"":""no"",""image_url"":""""}",5,3,"{""name"":""rect"",""x"":220,""y"":295,""width"":51,""height"":73}","{""CLASS"":""Boots""}",500,375
154,HVB_Img_013.jpg,69116,"{""caption"":"""",""public_domain"":""no"",""image_url"":""""}",5,4,"{""name"":""rect"",""x"":205,""y"":71,""width"":118,""height"":145}","{""CLASS"":""Vests""}",500,375
155,HVB_Img_014.jpg,886733,"{""caption"":"""",""public_domain"":""no"",""image_url"":""""}",4,0,"{""name"":""rect"",""x"":689,""y"":1133,""width"":68,""height"":51}","{""CLASS"":""HardHat""}",2301,1534
156,HVB_Img_014.jpg,886733,"{""caption"":"""",""public_domain"":""no"",""image_url"":""""}",4,1,"{""name"":""rect"",""x"":794,""y"":1073,""width"":63,""height"":127}","{""CLASS"":""HardHat""}",2301,1534
157,HVB_Img_014.jpg,886733,"{""caption"":"""",""public_domain"":""no"",""image_url"":""""}",4,2,"{""name"":""rect"",""x"":630,""y"":1166,""width"":127,""height"":106}","{""CLASS"":""Vests""}",2301,1534
158,HVB_Img_014.jpg,886733,"{""caption"":"""",""public_domain"":""no"",""image_url"":""""}",4,3,"{""name"":""rect"",""x"":790,""y"":1154,""width"":97,""height"":85}","{""CLASS"":""Vests""}",2301,1534
159,HVB_Img_015.jpg,47588,"{""caption"":"""",""public_domain"":""no"",""image_url"":""""}",5,0,"{""name"":""rect"",""x"":172,""y"":151,""width"":32,""height"":33}","{""CLASS"":""HardHat""}",501,334
160,HVB_Img_015.jpg,47588,"{""caption"":"""",""public_domain"":""no"",""image_url"":""""}",5,1,"{""name"":""rect"",""x"":306,""y"":59,""width"":27,""height"":42}","{""CLASS"":""HardHat""}",501,334
161,HVB_Img_015.jpg,47588,"{""caption"":"""",""public_domain"":""no"",""image_url"":""""}",5,2,"{""name"":""rect"",""x"":147,""y"":161,""width"":101,""height"":75}","{""CLASS"":""Vests""}",501,334
162,HVB_Img_015.jpg,47588,"{""caption"":"""",""public_domain"":""no"",""image_url"":""""}",5,3,"{""name"":""rect"",""x"":24,""y"":324,""width"":84,""height"":45}","{""CLASS"":""Boots""}",501,334
163,HVB_Img_015.jpg,47588,"{""caption"":"""",""public_domain"":""no"",""image_url"":""""}",5,4,"{""name"":""rect"",""x"":253,""y"":149,""width"":28,""height"":86}","{""CLASS"":""Boots""}",501,334
164,HVB_Img_016.jpg,35274,"{""caption"":"""",""public_domain"":""no"",""image_url"":""""}",3,0,"{""name"":""rect"",""x"":161,""y"":176,""width"":64,""height"":47}","{""CLASS"":""HardHat""}",501,334
165,HVB_Img_016.jpg,35274,"{""caption"":"""",""public_domain"":""no"",""image_url"":""""}",3,1,"{""name"":""rect"",""x"":153,""y"":232,""width"":71,""height"":81}","{""CLASS"":""Vests""}",501,334
166,HVB_Img_016.jpg,35274,"{""caption"":"""",""public_domain"":""no"",""image_url"":""""}",3,2,"{""name"":""rect"",""x"":117,""y"":365,""width"":45,""height"":47}","{""CLASS"":""Boots""}",501,334
167,HVB_Img_017.jpg,127315,"{""caption"":"""",""public_domain"":""no"",""image_url"":""""}",8,0,"{""name"":""rect"",""x"":254,""y"":93,""width"":42,""height"":41}","{""CLASS"":""HardHat""}",500,753
168,HVB_Img_017.jpg,127315,"{""caption"":"""",""public_domain"":""no"",""image_url"":""""}",8,1,"{""name"":""rect"",""x"":429,""y"":88,""width"":29,""height"":39}","{""CLASS"":""HardHat""}",500,753
169,HVB_Img_017.jpg,127315,"{""caption"":"""",""public_domain"":""no"",""image_url"":""""}",8,2,"{""name"":""rect"",""x"":326,""y"":110,""width"":19,""height"":45}","{""CLASS"":""HardHat""}",500,753
170,HVB_Img_017.jpg,127315,"{""caption"":"""",""public_domain"":""no"",""image_url"":""""}",8,3,"{""name"":""rect"",""x"":232,""y"":141,""width"":90,""height"":110}","{""CLASS"":""Vests""}",500,753
171,HVB_Img_017.jpg,127315,"{""caption"":"""",""public_domain"":""no"",""image_url"":""""}",8,4,"{""name"":""rect"",""x"":402,""y"":135,""width"":66,""height"":96}","{""CLASS"":""Vests""}",500,753
172,HVB_Img_017.jpg,127315,"{""caption"":"""",""public_domain"":""no"",""image_url"":""""}",8,5,"{""name"":""rect"",""x"":319,""y"":147,""width"":31,""height"":41}","{""CLASS"":""Vests""}",500,753
173,HVB_Img_017.jpg,127315,"{""caption"":"""",""public_domain"":""no"",""image_url"":""""}",8,6,"{""name"":""rect"",""x"":242,""y"":339,""width"":74,""height"":47}","{""CLASS"":""Boots""}",500,753
174,HVB_Img_017.jpg,127315,"{""caption"":"""",""public_domain"":""no"",""image_url"":""""}",8,7,"{""name"":""rect"",""x"":393,""y"":330,""width"":66,""height"":59}","{""CLASS"":""Boots""}",500,753
175,HVB_Img_018.jpg,62159,"{""caption"":"""",""public_domain"":""no"",""image_url"":""""}",5,0,"{""name"":""rect"",""x"":180,""y"":203,""width"":65,""height"":47}","{""CLASS"":""HardHat""}",501,334
176,HVB_Img_018.jpg,62159,"{""caption"":"""",""public_domain"":""no"",""image_url"":""""}",5,1,"{""name"":""rect"",""x"":193,""y"":382,""width"":114,""height"":58}","{""CLASS"":""Boots""}",501,334
177,HVB_Img_018.jpg,62159,"{""caption"":"""",""public_domain"":""no"",""image_url"":""""}",5,2,"{""name"":""rect"",""x"":267,""y"":317,""width"":45,""height"":61}","{""CLASS"":""Boots""}",501,334
178,HVB_Img_018.jpg,62159,"{""caption"":"""",""public_domain"":""no"",""image_url"":""""}",5,3,"{""name"":""rect"",""x"":172,""y"":255,""width"":93,""height"":115}","{""CLASS"":""Vests""}",501,334
179,HVB_Img_018.jpg,62159,"{""caption"":"""",""public_domain"":""no"",""image_url"":""""}",5,4,"{""name"":""rect"",""x"":204,""y"":146,""width"":75,""height"":121}","{""CLASS"":""Vests""}",501,334
180,HVB_Img_019.jpg,88349,"{""caption"":"""",""public_domain"":""no"",""image_url"":""""}",8,0,"{""name"":""rect"",""x"":317,""y"":188,""width"":84,""height"":47}","{""CLASS"":""HardHat""}",500,750
181,HVB_Img_019.jpg,88349,"{""caption"":"""",""public_domain"":""no"",""image_url"":""""}",8,1,"{""name"":""rect"",""x"":451,""y"":117,""width"":44,""height"":47}","{""CLASS"":""HardHat""}",500,750
182,HVB_Img_019.jpg,88349,"{""caption"":"""",""public_domain"":""no"",""image_url"":""""}",8,2,"{""name"":""rect"",""x"":442,""y"":156,""width"":72,""height"":60}","{""CLASS"":""Vests""}",500,750
183,HVB_Img_019.jpg,88349,"{""caption"":"""",""public_domain"":""no"",""image_url"":""""}",8,3,"{""name"":""rect"",""x"":300,""y"":222,""width"":124,""height"":94}","{""CLASS"":""Vests""}",500,750
184,HVB_Img_019.jpg,88349,"{""caption"":"""",""public_domain"":""no"",""image_url"":""""}",8,4,"{""name"":""rect"",""x"":326,""y"":393,""width"":128,""height"":50}","{""CLASS"":""Boots""}",500,750
185,HVB_Img_019.jpg,88349,"{""caption"":"""",""public_domain"":""no"",""image_url"":""""}",8,5,"{""name"":""rect"",""x"":292,""y"":364,""width"":38,""height"":51}","{""CLASS"":""Boots""}",500,750
186,HVB_Img_019.jpg,88349,"{""caption"":"""",""public_domain"":""no"",""image_url"":""""}",8,6,"{""name"":""rect"",""x"":436,""y"":241,""width"":80,""height"":64}","{""CLASS"":""Boots""}",500,750
187,HVB_Img_019.jpg,88349,"{""caption"":"""",""public_domain"":""no"",""image_url"":""""}",8,7,"{""name"":""rect"",""x"":513,""y"":243,""width"":44,""height"":71}","{""CLASS"":""Boots""}",500,750
188,HVB_Img_020.jpg,66673,"{""caption"":"""",""public_domain"":""no"",""image_url"":""""}",3,0,"{""name"":""rect"",""x"":186,""y"":17,""width"":150,""height"":108}","{""CLASS"":""HardHat""}",500,687
189,HVB_Img_020.jpg,66673,"{""caption"":"""",""public_domain"":""no"",""image_url"":""""}",3,1,"{""name"":""rect"",""x"":327,""y"":354,""width"":180,""height"":126}","{""CLASS"":""Boots""}",500,687
190,HVB_Img_020.jpg,66673,"{""caption"":"""",""public_domain"":""no"",""image_url"":""""}",3,2,"{""name"":""rect"",""x"":255,""y"":126,""width"":265,""height"":134}","{""CLASS"":""Vests""}",500,687
191,HVB_Img_021.jpg,48599,"{""caption"":"""",""public_domain"":""no"",""image_url"":""""}",14,0,"{""name"":""rect"",""x"":161,""y"":155,""width"":47,""height"":34}","{""CLASS"":""HardHat""}",500,500
192,HVB_Img_021.jpg,48599,"{""caption"":"""",""public_domain"":""no"",""image_url"":""""}",14,1,"{""name"":""rect"",""x"":307,""y"":49,""width"":29,""height"":32}","{""CLASS"":""HardHat""}",500,500
193,HVB_Img_021.jpg,48599,"{""caption"":"""",""public_domain"":""no"",""image_url"":""""}",14,2,"{""name"":""rect"",""x"":354,""y"":35,""width"":44,""height"":40}","{""CLASS"":""HardHat""}",500,500
194,HVB_Img_021.jpg,48599,"{""caption"":"""",""public_domain"":""no"",""image_url"":""""}",14,3,"{""name"":""rect"",""x"":264,""y"":193,""width"":17,""height"":21}","{""CLASS"":""HardHat""}",500,500
195,HVB_Img_021.jpg,48599,"{""caption"":"""",""public_domain"":""no"",""image_url"":""""}",14,4,"{""name"":""rect"",""x"":188,""y"":206,""width"":48,""height"":34}","{""CLASS"":""HardHat""}",500,500
196,HVB_Img_021.jpg,48599,"{""caption"":"""",""public_domain"":""no"",""image_url"":""""}",14,5,"{""name"":""rect"",""x"":302,""y"":211,""width"":18,""height"":35}","{""CLASS"":""HardHat""}",500,500
197,HVB_Img_021.jpg,48599,"{""caption"":"""",""public_domain"":""no"",""image_url"":""""}",14,6,"{""name"":""rect"",""x"":300,""y"":309,""width"":35,""height"":16}","{""CLASS"":""Boots""}",500,500
198,HVB_Img_021.jpg,48599,"{""caption"":"""",""public_domain"":""no"",""image_url"":""""}",14,7,"{""name"":""rect"",""x"":262,""y"":279,""width"":33,""height"":22}","{""CLASS"":""Boots""}",500,500
199,HVB_Img_021.jpg,48599,"{""caption"":"""",""public_domain"":""no"",""image_url"":""""}",14,8,"{""name"":""rect"",""x"":317,""y"":128,""width"":41,""height"":35}","{""CLASS"":""Boots""}",500,500
200,HVB_Img_021.jpg,48599,"{""caption"":"""",""public_domain"":""no"",""image_url"":""""}",14,9,"{""name"":""rect"",""x"":364,""y"":120,""width"":32,""height"":40}","{""CLASS"":""Boots""}",500,500
201,HVB_Img_021.jpg,48599,"{""caption"":"""",""public_domain"":""no"",""image_url"":""""}",14,10,"{""name"":""rect"",""x"":192,""y"":246,""width"":33,""height"":43}","{""CLASS"":""Vests""}",500,500
202,HVB_Img_021.jpg,48599,"{""caption"":"""",""public_domain"":""no"",""image_url"":""""}",14,11,"{""name"":""rect"",""x"":263,""y"":220,""width"":28,""height"":38}","{""CLASS"":""Vests""}",500,500
203,HVB_Img_021.jpg,48599,"{""caption"":"""",""public_domain"":""no"",""image_url"":""""}",14,12,"{""name"":""rect"",""x"":166,""y"":194,""width"":38,""height"":32}","{""CLASS"":""Vests""}",500,500
204,HVB_Img_021.jpg,48599,"{""caption"":"""",""public_domain"":""no"",""image_url"":""""}",14,13,"{""name"":""rect"",""x"":301,""y"":249,""width"":35,""height"":47}","{""CLASS"":""Vests""}",500,500
205,HVB_Img_022.jpg,50131,"{""caption"":"""",""public_domain"":""no"",""image_url"":""""}",3,0,"{""name"":""rect"",""x"":87,""y"":7,""width"":82,""height"":67}","{""CLASS"":""HardHat""}",501,334
206,HVB_Img_022.jpg,50131,"{""caption"":"""",""public_domain"":""no"",""image_url"":""""}",3,1,"{""name"":""rect"",""x"":72,""y"":90,""width"":122,""height"":175}","{""CLASS"":""Vests""}",501,334
207,HVB_Img_022.jpg,50131,"{""caption"":"""",""public_domain"":""no"",""image_url"":""""}",3,2,"{""name"":""rect"",""x"":22,""y"":392,""width"":149,""height"":96}","{""CLASS"":""Boots""}",501,334
208,HVB_Img_023.jpg,149621,"{""caption"":"""",""public_domain"":""no"",""image_url"":""""}",6,0,"{""name"":""rect"",""x"":485,""y"":100,""width"":103,""height"":50}","{""CLASS"":""HardHat""}",500,889
209,HVB_Img_023.jpg,149621,"{""caption"":"""",""public_domain"":""no"",""image_url"":""""}",6,1,"{""name"":""rect"",""x"":760,""y"":9,""width"":58,""height"":48}","{""CLASS"":""Vests""}",500,889
210,HVB_Img_023.jpg,149621,"{""caption"":"""",""public_domain"":""no"",""image_url"":""""}",6,2,"{""name"":""rect"",""x"":501,""y"":352,""width"":70,""height"":73}","{""CLASS"":""Boots""}",500,889
211,HVB_Img_023.jpg,149621,"{""caption"":"""",""public_domain"":""no"",""image_url"":""""}",6,3,"{""name"":""rect"",""x"":749,""y"":117,""width"":58,""height"":59}","{""CLASS"":""Boots""}",500,889
212,HVB_Img_023.jpg,149621,"{""caption"":"""",""public_domain"":""no"",""image_url"":""""}",6,4,"{""name"":""rect"",""x"":36,""y"":72,""width"":93,""height"":30}","{""CLASS"":""Boots""}",500,889
213,HVB_Img_023.jpg,149621,"{""caption"":"""",""public_domain"":""no"",""image_url"":""""}",6,5,"{""name"":""rect"",""x"":58,""y"":2,""width"":52,""height"":22}","{""CLASS"":""Vests""}",500,889
214,HVB_Img_024.jpg,86137,"{""caption"":"""",""public_domain"":""no"",""image_url"":""""}",6,0,"{""name"":""rect"",""x"":351,""y"":127,""width"":55,""height"":67}","{""CLASS"":""HardHat""}",500,750
215,HVB_Img_024.jpg,86137,"{""caption"":"""",""public_domain"":""no"",""image_url"":""""}",6,1,"{""name"":""rect"",""x"":438,""y"":147,""width"":17,""height"":23}","{""CLASS"":""HardHat""}",500,750
216,HVB_Img_024.jpg,86137,"{""caption"":"""",""public_domain"":""no"",""image_url"":""""}",6,2,"{""name"":""rect"",""x"":340,""y"":206,""width"":78,""height"":123}","{""CLASS"":""Vests""}",500,750
217,HVB_Img_024.jpg,86137,"{""caption"":"""",""public_domain"":""no"",""image_url"":""""}",6,3,"{""name"":""rect"",""x"":424,""y"":176,""width"":49,""height"":58}","{""CLASS"":""Vests""}",500,750
218,HVB_Img_024.jpg,86137,"{""caption"":"""",""public_domain"":""no"",""image_url"":""""}",6,4,"{""name"":""rect"",""x"":302,""y"":455,""width"":70,""height"":41}","{""CLASS"":""Boots""}",500,750
219,HVB_Img_024.jpg,86137,"{""caption"":"""",""public_domain"":""no"",""image_url"":""""}",6,5,"{""name"":""rect"",""x"":416,""y"":275,""width"":45,""height"":12}","{""CLASS"":""Boots""}",500,750
220,HVB_Img_025.jpg,133090,"{""caption"":"""",""public_domain"":""no"",""image_url"":""""}",3,0,"{""name"":""rect"",""x"":492,""y"":331,""width"":29,""height"":30}","{""CLASS"":""HardHat""}",500,750
221,HVB_Img_025.jpg,133090,"{""caption"":"""",""public_domain"":""no"",""image_url"":""""}",3,1,"{""name"":""rect"",""x"":480,""y"":367,""width"":55,""height"":33}","{""CLASS"":""Vests""}",500,750
222,HVB_Img_025.jpg,133090,"{""caption"":"""",""public_domain"":""no"",""image_url"":""""}",3,2,"{""name"":""rect"",""x"":490,""y"":428,""width"":38,""height"":36}","{""CLASS"":""Boots""}",500,750
223,HVB_Img_026.jpg,64446,"{""caption"":"""",""public_domain"":""no"",""image_url"":""""}",9,0,"{""name"":""rect"",""x"":81,""y"":95,""width"":22,""height"":24}","{""CLASS"":""HardHat""}",500,375
224,HVB_Img_026.jpg,64446,"{""caption"":"""",""public_domain"":""no"",""image_url"":""""}",9,1,"{""name"":""rect"",""x"":11,""y"":329,""width"":24,""height"":17}","{""CLASS"":""HardHat""}",500,375
225,HVB_Img_026.jpg,64446,"{""caption"":"""",""public_domain"":""no"",""image_url"":""""}",9,2,"{""name"":""rect"",""x"":171,""y"":366,""width"":19,""height"":24}","{""CLASS"":""HardHat""}",500,375
226,HVB_Img_026.jpg,64446,"{""caption"":"""",""public_domain"":""no"",""image_url"":""""}",9,3,"{""name"":""rect"",""x"":147,""y"":418,""width"":30,""height"":21}","{""CLASS"":""Boots""}",500,375
227,HVB_Img_026.jpg,64446,"{""caption"":"""",""public_domain"":""no"",""image_url"":""""}",9,4,"{""name"":""rect"",""x"":15,""y"":415,""width"":36,""height"":25}","{""CLASS"":""Boots""}",500,375
228,HVB_Img_026.jpg,64446,"{""caption"":"""",""public_domain"":""no"",""image_url"":""""}",9,5,"{""name"":""rect"",""x"":5,""y"":349,""width"":43,""height"":39}","{""CLASS"":""Vests""}",500,375
229,HVB_Img_026.jpg,64446,"{""caption"":"""",""public_domain"":""no"",""image_url"":""""}",9,6,"{""name"":""rect"",""x"":148,""y"":357,""width"":24,""height"":44}","{""CLASS"":""Vests""}",500,375
230,HVB_Img_026.jpg,64446,"{""caption"":"""",""public_domain"":""no"",""image_url"":""""}",9,7,"{""name"":""rect"",""x"":157,""y"":334,""width"":19,""height"":35}","{""CLASS"":""Vests""}",500,375
231,HVB_Img_026.jpg,64446,"{""caption"":"""",""public_domain"":""no"",""image_url"":""""}",9,8,"{""name"":""rect"",""x"":76,""y"":118,""width"":41,""height"":29}","{""CLASS"":""Vests""}",500,375
232,HVB_Img_027.jpg,79170,"{""caption"":"""",""public_domain"":""no"",""image_url"":""""}",6,0,"{""name"":""rect"",""x"":287,""y"":131,""width"":59,""height"":57}","{""CLASS"":""HardHat""}",501,713
233,HVB_Img_027.jpg,79170,"{""caption"":"""",""public_domain"":""no"",""image_url"":""""}",6,1,"{""name"":""rect"",""x"":492,""y"":157,""width"":50,""height"":77}","{""CLASS"":""HardHat""}",501,713
234,HVB_Img_027.jpg,79170,"{""caption"":"""",""public_domain"":""no"",""image_url"":""""}",6,2,"{""name"":""rect"",""x"":404,""y"":160,""width"":78,""height"":104}","{""CLASS"":""Vests""}",501,713
235,HVB_Img_027.jpg,79170,"{""caption"":"""",""public_domain"":""no"",""image_url"":""""}",6,3,"{""name"":""rect"",""x"":217,""y"":175,""width"":136,""height"":129}","{""CLASS"":""Vests""}",501,713
236,HVB_Img_027.jpg,79170,"{""caption"":"""",""public_domain"":""no"",""image_url"":""""}",6,4,"{""name"":""rect"",""x"":236,""y"":386,""width"":81,""height"":48}","{""CLASS"":""Boots""}",501,713
237,HVB_Img_027.jpg,79170,"{""caption"":"""",""public_domain"":""no"",""image_url"":""""}",6,5,"{""name"":""rect"",""x"":396,""y"":381,""width"":69,""height"":46}","{""CLASS"":""Boots""}",501,713
238,HVB_Img_028.jpg,100743,"{""caption"":"""",""public_domain"":""no"",""image_url"":""""}",6,0,"{""name"":""rect"",""x"":351,""y"":171,""width"":41,""height"":28}","{""CLASS"":""HardHat""}",500,754
239,HVB_Img_028.jpg,100743,"{""caption"":"""",""public_domain"":""no"",""image_url"":""""}",6,1,"{""name"":""rect"",""x"":411,""y"":156,""width"":48,""height"":33}","{""CLASS"":""HardHat""}",500,754
240,HVB_Img_028.jpg,100743,"{""caption"":"""",""public_domain"":""no"",""image_url"":""""}",6,2,"{""name"":""rect"",""x"":336,""y"":199,""width"":53,""height"":77}","{""CLASS"":""Vests""}",500,754
241,HVB_Img_028.jpg,100743,"{""caption"":"""",""public_domain"":""no"",""image_url"":""""}",6,3,"{""name"":""rect"",""x"":413,""y"":195,""width"":43,""height"":75}","{""CLASS"":""Vests""}",500,754
242,HVB_Img_028.jpg,100743,"{""caption"":"""",""public_domain"":""no"",""image_url"":""""}",6,4,"{""name"":""rect"",""x"":336,""y"":324,""width"":70,""height"":37}","{""CLASS"":""Boots""}",500,754
243,HVB_Img_028.jpg,100743,"{""caption"":"""",""public_domain"":""no"",""image_url"":""""}",6,5,"{""name"":""rect"",""x"":425,""y"":320,""width"":28,""height"":49}","{""CLASS"":""Boots""}",500,754
244,HVB_Img_029.jpg,53522,"{""caption"":"""",""public_domain"":""no"",""image_url"":""""}",3,0,"{""name"":""rect"",""x"":219,""y"":146,""width"":38,""height"":30}","{""CLASS"":""HardHat""}",501,376
245,HVB_Img_029.jpg,53522,"{""caption"":"""",""public_domain"":""no"",""image_url"":""""}",3,1,"{""name"":""rect"",""x"":189,""y"":183,""width"":96,""height"":151}","{""CLASS"":""Vests""}",501,376
246,HVB_Img_029.jpg,53522,"{""caption"":"""",""public_domain"":""no"",""image_url"":""""}",3,2,"{""name"":""rect"",""x"":175,""y"":405,""width"":102,""height"":40}","{""CLASS"":""Boots""}",501,376
247,HVB_Img_030.jpg,228022,"{""caption"":"""",""public_domain"":""no"",""image_url"":""""}",6,0,"{""name"":""rect"",""x"":826,""y"":20,""width"":152,""height"":95}","{""CLASS"":""HardHat""}",835,1200
248,HVB_Img_030.jpg,228022,"{""caption"":"""",""public_domain"":""no"",""image_url"":""""}",6,1,"{""name"":""rect"",""x"":786,""y"":183,""width"":221,""height"":308}","{""CLASS"":""Vests""}",835,1200
249,HVB_Img_030.jpg,228022,"{""caption"":"""",""public_domain"":""no"",""image_url"":""""}",6,2,"{""name"":""rect"",""x"":781,""y"":701,""width"":246,""height"":110}","{""CLASS"":""Boots""}",835,1200
250,HVB_Img_030.jpg,228022,"{""caption"":"""",""public_domain"":""no"",""image_url"":""""}",6,3,"{""name"":""rect"",""x"":175,""y"":661,""width"":261,""height"":141}","{""CLASS"":""Boots""}",835,1200
251,HVB_Img_030.jpg,228022,"{""caption"":"""",""public_domain"":""no"",""image_url"":""""}",6,4,"{""name"":""rect"",""x"":176,""y"":173,""width"":238,""height"":307}","{""CLASS"":""Vests""}",835,1200
252,HVB_Img_030.jpg,228022,"{""caption"":"""",""public_domain"":""no"",""image_url"":""""}",6,5,"{""name"":""rect"",""x"":249,""y"":20,""width"":107,""height"":74}","{""CLASS"":""HardHat""}",835,1200
253,HVB_Img_031.jpg,232035,"{""caption"":"""",""public_domain"":""no"",""image_url"":""""}",3,0,"{""name"":""rect"",""x"":675,""y"":223,""width"":158,""height"":90}","{""CLASS"":""HardHat""}",1021,1300
254,HVB_Img_031.jpg,232035,"{""caption"":"""",""public_domain"":""no"",""image_url"":""""}",3,1,"{""name"":""rect"",""x"":668,""y"":381,""width"":311,""height"":317}","{""CLASS"":""Vests""}",1021,1300
255,HVB_Img_031.jpg,232035,"{""caption"":"""",""public_domain"":""no"",""image_url"":""""}",3,2,"{""name"":""rect"",""x"":812,""y"":794,""width"":113,""height"":96}","{""CLASS"":""Boots""}",1021,1300
256,HVB_Img_032.jpg,119768,"{""caption"":"""",""public_domain"":""no"",""image_url"":""""}",6,0,"{""name"":""rect"",""x"":245,""y"":3,""width"":68,""height"":47}","{""CLASS"":""HardHat""}",500,800
257,HVB_Img_032.jpg,119768,"{""caption"":"""",""public_domain"":""no"",""image_url"":""""}",6,1,"{""name"":""rect"",""x"":421,""y"":12,""width"":89,""height"":55}","{""CLASS"":""HardHat""}",500,800
258,HVB_Img_032.jpg,119768,"{""caption"":"""",""public_domain"":""no"",""image_url"":""""}",6,2,"{""name"":""rect"",""x"":404,""y"":73,""width"":117,""height"":156}","{""CLASS"":""Vests""}",500,800
259,HVB_Img_032.jpg,119768,"{""caption"":"""",""public_domain"":""no"",""image_url"":""""}",6,3,"{""name"":""rect"",""x"":184,""y"":41,""width"":146,""height"":195}","{""CLASS"":""Vests""}",500,800
260,HVB_Img_032.jpg,119768,"{""caption"":"""",""public_domain"":""no"",""image_url"":""""}",6,4,"{""name"":""rect"",""x"":241,""y"":377,""width"":67,""height"":70}","{""CLASS"":""Boots""}",500,800
261,HVB_Img_032.jpg,119768,"{""caption"":"""",""public_domain"":""no"",""image_url"":""""}",6,5,"{""name"":""rect"",""x"":428,""y"":377,""width"":78,""height"":75}","{""CLASS"":""Boots""}",500,800
262,HVB_Img_033.jpg,1814054,"{""caption"":"""",""public_domain"":""no"",""image_url"":""""}",4,0,"{""name"":""rect"",""x"":854,""y"":69,""width"":134,""height"":178}","{""CLASS"":""HardHat""}",1101,1500
263,HVB_Img_033.jpg,1814054,"{""caption"":"""",""public_domain"":""no"",""image_url"":""""}",4,1,"{""name"":""rect"",""x"":719,""y"":180,""width"":314,""height"":332}","{""CLASS"":""Vests""}",1101,1500
264,HVB_Img_033.jpg,1814054,"{""caption"":"""",""public_domain"":""no"",""image_url"":""""}",4,2,"{""name"":""rect"",""x"":330,""y"":457,""width"":285,""height"":241}","{""CLASS"":""Vests""}",1101,1500
265,HVB_Img_033.jpg,1814054,"{""caption"":"""",""public_domain"":""no"",""image_url"":""""}",4,3,"{""name"":""rect"",""x"":1020,""y"":522,""width"":109,""height"":152}","{""CLASS"":""Boots""}",1101,1500
266,HVB_Img_034.jpg,8958,"{""caption"":"""",""public_domain"":""no"",""image_url"":""""}",5,0,"{""name"":""rect"",""x"":105,""y"":19,""width"":75,""height"":41}","{""CLASS"":""HardHat""}",146,260
267,HVB_Img_034.jpg,8958,"{""caption"":"""",""public_domain"":""no"",""image_url"":""""}",5,1,"{""name"":""rect"",""x"":63,""y"":55,""width"":66,""height"":69}","{""CLASS"":""Vests""}",146,260
268,HVB_Img_034.jpg,8958,"{""caption"":"""",""public_domain"":""no"",""image_url"":""""}",5,2,"{""name"":""rect"",""x"":149,""y"":48,""width"":57,""height"":60}","{""CLASS"":""Vests""}",146,260
269,HVB_Img_034.jpg,8958,"{""caption"":"""",""public_domain"":""no"",""image_url"":""""}",5,3,"{""name"":""rect"",""x"":165,""y"":119,""width"":14,""height"":26}","{""CLASS"":""Boots""}",146,260
270,HVB_Img_034.jpg,8958,"{""caption"":"""",""public_domain"":""no"",""image_url"":""""}",5,4,"{""name"":""rect"",""x"":74,""y"":112,""width"":28,""height"":31}","{""CLASS"":""Boots""}",146,260
271,HVM_Img_001.jpg,231552,"{""caption"":"""",""public_domain"":""no"",""image_url"":""""}",3,0,"{""name"":""rect"",""x"":216,""y"":53,""width"":233,""height"":164}","{""CLASS"":""HardHat""}",1024,683
272,HVM_Img_001.jpg,231552,"{""caption"":"""",""public_domain"":""no"",""image_url"":""""}",3,1,"{""name"":""rect"",""x"":224,""y"":241,""width"":218,""height"":145}","{""CLASS"":""Masks""}",1024,683
273,HVM_Img_001.jpg,231552,"{""caption"":"""",""public_domain"":""no"",""image_url"":""""}",3,2,"{""name"":""rect"",""x"":152,""y"":418,""width"":418,""height"":546}","{""CLASS"":""Vests""}",1024,683
274,HVM_Img_002.jpg,298232,"{""caption"":"""",""public_domain"":""no"",""image_url"":""""}",3,0,"{""name"":""rect"",""x"":225,""y"":135,""width"":170,""height"":131}","{""CLASS"":""HardHat""}",685,1024
275,HVM_Img_002.jpg,298232,"{""caption"":"""",""public_domain"":""no"",""image_url"":""""}",3,1,"{""name"":""rect"",""x"":215,""y"":272,""width"":174,""height"":79}","{""CLASS"":""Masks""}",685,1024
276,HVM_Img_002.jpg,298232,"{""caption"":"""",""public_domain"":""no"",""image_url"":""""}",3,2,"{""name"":""rect"",""x"":64,""y"":282,""width"":333,""height"":394}","{""CLASS"":""Vests""}",685,1024
277,HVM_Img_003.jpg,115572,"{""caption"":"""",""public_domain"":""no"",""image_url"":""""}",3,0,"{""name"":""rect"",""x"":279,""y"":101,""width"":195,""height"":165}","{""CLASS"":""HardHat""}",675,1200
278,HVM_Img_003.jpg,115572,"{""caption"":"""",""public_domain"":""no"",""image_url"":""""}",3,1,"{""name"":""rect"",""x"":555,""y"":204,""width"":118,""height"":109}","{""CLASS"":""Masks""}",675,1200
279,HVM_Img_003.jpg,115572,"{""caption"":"""",""public_domain"":""no"",""image_url"":""""}",3,2,"{""name"":""rect"",""x"":137,""y"":308,""width"":410,""height"":366}","{""CLASS"":""Vests""}",675,1200
280,HVM_Img_004.jpg,42166,"{""caption"":"""",""public_domain"":""no"",""image_url"":""""}",3,0,"{""name"":""rect"",""x"":103,""y"":5,""width"":122,""height"":49}","{""CLASS"":""HardHat""}",225,300
281,HVM_Img_004.jpg,42166,"{""caption"":"""",""public_domain"":""no"",""image_url"":""""}",3,1,"{""name"":""rect"",""x"":122,""y"":59,""width"":54,""height"":42}","{""CLASS"":""Masks""}",225,300
282,HVM_Img_004.jpg,42166,"{""caption"":"""",""public_domain"":""no"",""image_url"":""""}",3,2,"{""name"":""rect"",""x"":101,""y"":97,""width"":115,""height"":127}","{""CLASS"":""Vests""}",225,300
283,HVM_Img_005.jpg,116298,"{""caption"":"""",""public_domain"":""no"",""image_url"":""""}",3,0,"{""name"":""rect"",""x"":601,""y"":83,""width"":351,""height"":195}","{""CLASS"":""HardHat""}",956,1300
284,HVM_Img_005.jpg,116298,"{""caption"":"""",""public_domain"":""no"",""image_url"":""""}",3,1,"{""name"":""rect"",""x"":659,""y"":300,""width"":213,""height"":202}","{""CLASS"":""Masks""}",956,1300
285,HVM_Img_005.jpg,116298,"{""caption"":"""",""public_domain"":""no"",""image_url"":""""}",3,2,"{""name"":""rect"",""x"":372,""y"":488,""width"":738,""height"":379}","{""CLASS"":""Vests""}",956,1300
286,HVM_Img_006.jpg,259794,"{""caption"":"""",""public_domain"":""no"",""image_url"":""""}",3,0,"{""name"":""rect"",""x"":575,""y"":16,""width"":277,""height"":130}","{""CLASS"":""HardHat""}",682,1024
287,HVM_Img_006.jpg,259794,"{""caption"":"""",""public_domain"":""no"",""image_url"":""""}",3,1,"{""name"":""rect"",""x"":707,""y"":162,""width"":140,""height"":142}","{""CLASS"":""Masks""}",682,1024
288,HVM_Img_006.jpg,259794,"{""caption"":"""",""public_domain"":""no"",""image_url"":""""}",3,2,"{""name"":""rect"",""x"":528,""y"":303,""width"":441,""height"":376}","{""CLASS"":""Vests""}",682,1024
289,HVM_Img_007.jpg,278015,"{""caption"":"""",""public_domain"":""no"",""image_url"":""""}",3,0,"{""name"":""rect"",""x"":524,""y"":5,""width"":288,""height"":135}","{""CLASS"":""HardHat""}",682,1024
290,HVM_Img_007.jpg,278015,"{""caption"":"""",""public_domain"":""no"",""image_url"":""""}",3,1,"{""name"":""rect"",""x"":558,""y"":173,""width"":204,""height"":145}","{""CLASS"":""Masks""}",682,1024
291,HVM_Img_007.jpg,278015,"{""caption"":"""",""public_domain"":""no"",""image_url"":""""}",3,2,"{""name"":""rect"",""x"":431,""y"":320,""width"":444,""height"":347}","{""CLASS"":""Vests""}",682,1024
292,HVM_Img_008.jpg,11693,"{""caption"":"""",""public_domain"":""no"",""image_url"":""""}",3,0,"{""name"":""rect"",""x"":62,""y"":18,""width"":62,""height"":34}","{""CLASS"":""HardHat""}",267,189
293,HVM_Img_008.jpg,11693,"{""caption"":"""",""public_domain"":""no"",""image_url"":""""}",3,1,"{""name"":""rect"",""x"":76,""y"":52,""width"":31,""height"":32}","{""CLASS"":""Masks""}",267,189
294,HVM_Img_008.jpg,11693,"{""caption"":"""",""public_domain"":""no"",""image_url"":""""}",3,2,"{""name"":""rect"",""x"":46,""y"":75,""width"":103,""height"":141}","{""CLASS"":""Vests""}",267,189
295,HVM_Img_009.jpg,70087,"{""caption"":"""",""public_domain"":""no"",""image_url"":""""}",3,0,"{""name"":""rect"",""x"":320,""y"":55,""width"":126,""height"":71}","{""CLASS"":""HardHat""}",417,626
296,HVM_Img_009.jpg,70087,"{""caption"":"""",""public_domain"":""no"",""image_url"":""""}",3,1,"{""name"":""rect"",""x"":318,""y"":132,""width"":78,""height"":60}","{""CLASS"":""Masks""}",417,626
297,HVM_Img_009.jpg,70087,"{""caption"":"""",""public_domain"":""no"",""image_url"":""""}",3,2,"{""name"":""rect"",""x"":326,""y"":205,""width"":179,""height"":205}","{""CLASS"":""Vests""}",417,626
298,HVM_Img_010.jpg,223010,"{""caption"":"""",""public_domain"":""no"",""image_url"":""""}",3,0,"{""name"":""rect"",""x"":653,""y"":36,""width"":237,""height"":162}","{""CLASS"":""HardHat""}",682,1024
299,HVM_Img_010.jpg,223010,"{""caption"":"""",""public_domain"":""no"",""image_url"":""""}",3,1,"{""name"":""rect"",""x"":649,""y"":209,""width"":174,""height"":142}","{""CLASS"":""Masks""}",682,1024
300,HVM_Img_010.jpg,223010,"{""caption"":"""",""public_domain"":""no"",""image_url"":""""}",3,2,"{""name"":""rect"",""x"":587,""y"":343,""width"":402,""height"":332}","{""CLASS"":""Vests""}",682,1024
301,HVM_Img_011.jpg,57767,"{""caption"":"""",""public_domain"":""no"",""image_url"":""""}",3,0,"{""name"":""rect"",""x"":109,""y"":50,""width"":139,""height"":79}","{""CLASS"":""HardHat""}",417,626
302,HVM_Img_011.jpg,57767,"{""caption"":"""",""public_domain"":""no"",""image_url"":""""}",3,1,"{""name"":""rect"",""x"":126,""y"":141,""width"":108,""height"":55}","{""CLASS"":""Masks""}",417,626
303,HVM_Img_011.jpg,57767,"{""caption"":"""",""public_domain"":""no"",""image_url"":""""}",3,2,"{""name"":""rect"",""x"":94,""y"":211,""width"":203,""height"":200}","{""CLASS"":""Vests""}",417,626
304,HVM_Img_012.jpg,125433,"{""caption"":"""",""public_domain"":""no"",""image_url"":""""}",3,0,"{""name"":""rect"",""x"":91,""y"":21,""width"":390,""height"":249}","{""CLASS"":""HardHat""}",956,1300
305,HVM_Img_012.jpg,125433,"{""caption"":"""",""public_domain"":""no"",""image_url"":""""}",3,1,"{""name"":""rect"",""x"":169,""y"":295,""width"":190,""height"":228}","{""CLASS"":""Masks""}",956,1300
306,HVM_Img_012.jpg,125433,"{""caption"":"""",""public_domain"":""no"",""image_url"":""""}",3,2,"{""name"":""rect"",""x"":19,""y"":443,""width"":492,""height"":429}","{""CLASS"":""Vests""}",956,1300
307,HVM_Img_013.jpg,139273,"{""caption"":"""",""public_domain"":""no"",""image_url"":""""}",3,0,"{""name"":""rect"",""x"":401,""y"":121,""width"":361,""height"":186}","{""CLASS"":""HardHat""}",1689,1066
308,HVM_Img_013.jpg,139273,"{""caption"":"""",""public_domain"":""no"",""image_url"":""""}",3,1,"{""name"":""rect"",""x"":429,""y"":320,""width"":249,""height"":193}","{""CLASS"":""Masks""}",1689,1066
309,HVM_Img_013.jpg,139273,"{""caption"":"""",""public_domain"":""no"",""image_url"":""""}",3,2,"{""name"":""rect"",""x"":224,""y"":472,""width"":572,""height"":876}","{""CLASS"":""Vests""}",1689,1066
310,HVM_Img_014.jpg,13199,"{""caption"":"""",""public_domain"":""no"",""image_url"":""""}",3,0,"{""name"":""rect"",""x"":126,""y"":90,""width"":42,""height"":23}","{""CLASS"":""HardHat""}",176,286
311,HVM_Img_014.jpg,13199,"{""caption"":"""",""public_domain"":""no"",""image_url"":""""}",3,1,"{""name"":""rect"",""x"":109,""y"":112,""width"":41,""height"":35}","{""CLASS"":""Masks""}",176,286
312,HVM_Img_014.jpg,13199,"{""caption"":"""",""public_domain"":""no"",""image_url"":""""}",3,2,"{""name"":""rect"",""x"":57,""y"":110,""width"":195,""height"":62}","{""CLASS"":""Vests""}",176,286
313,HVM_Img_015.jpg,257529,"{""caption"":"""",""public_domain"":""no"",""image_url"":""""}",12,0,"{""name"":""rect"",""x"":205,""y"":90,""width"":266,""height"":135}","{""CLASS"":""HardHat""}",563,1000
314,HVM_Img_015.jpg,257529,"{""caption"":"""",""public_domain"":""no"",""image_url"":""""}",12,1,"{""name"":""rect"",""x"":503,""y"":13,""width"":286,""height"":124}","{""CLASS"":""HardHat""}",563,1000
315,HVM_Img_015.jpg,257529,"{""caption"":"""",""public_domain"":""no"",""image_url"":""""}",12,2,"{""name"":""rect"",""x"":916,""y"":131,""width"":81,""height"":82}","{""CLASS"":""HardHat""}",563,1000
316,HVM_Img_015.jpg,257529,"{""caption"":"""",""public_domain"":""no"",""image_url"":""""}",12,3,"{""name"":""rect"",""x"":714,""y"":106,""width"":149,""height"":89}","{""CLASS"":""HardHat""}",563,1000
317,HVM_Img_015.jpg,257529,"{""caption"":"""",""public_domain"":""no"",""image_url"":""""}",12,4,"{""name"":""rect"",""x"":302,""y"":226,""width"":98,""height"":58}","{""CLASS"":""Masks""}",563,1000
318,HVM_Img_015.jpg,257529,"{""caption"":"""",""public_domain"":""no"",""image_url"":""""}",12,5,"{""name"":""rect"",""x"":536,""y"":139,""width"":109,""height"":96}","{""CLASS"":""Masks""}",563,1000
319,HVM_Img_015.jpg,257529,"{""caption"":"""",""public_domain"":""no"",""image_url"":""""}",12,6,"{""name"":""rect"",""x"":744,""y"":199,""width"":78,""height"":43}","{""CLASS"":""Masks""}",563,1000
320,HVM_Img_015.jpg,257529,"{""caption"":"""",""public_domain"":""no"",""image_url"":""""}",12,7,"{""name"":""rect"",""x"":171,""y"":266,""width"":269,""height"":293}","{""CLASS"":""Vests""}",563,1000
321,HVM_Img_015.jpg,257529,"{""caption"":"""",""public_domain"":""no"",""image_url"":""""}",12,8,"{""name"":""rect"",""x"":511,""y"":217,""width"":220,""height"":334}","{""CLASS"":""Vests""}",563,1000
322,HVM_Img_015.jpg,257529,"{""caption"":"""",""public_domain"":""no"",""image_url"":""""}",12,9,"{""name"":""rect"",""x"":792,""y"":269,""width"":87,""height"":234}","{""CLASS"":""Vests""}",563,1000
323,HVM_Img_015.jpg,257529,"{""caption"":"""",""public_domain"":""no"",""image_url"":""""}",12,10,"{""name"":""rect"",""x"":890,""y"":227,""width"":86,""height"":197}","{""CLASS"":""Vests""}",563,1000
324,HVM_Img_015.jpg,257529,"{""caption"":"""",""public_domain"":""no"",""image_url"":""""}",12,11,"{""name"":""rect"",""x"":492,""y"":172,""width"":73,""height"":214}","{""CLASS"":""Vests""}",563,1000
325,HVM_Img_016.jpg,52113,"{""caption"":"""",""public_domain"":""no"",""image_url"":""""}",3,0,"{""name"":""rect"",""x"":144,""y"":58,""width"":168,""height"":81}","{""CLASS"":""HardHat""}",400,600
326,HVM_Img_016.jpg,52113,"{""caption"":"""",""public_domain"":""no"",""image_url"":""""}",3,1,"{""name"":""rect"",""x"":112,""y"":150,""width"":175,""height"":93}","{""CLASS"":""Masks""}",400,600
327,HVM_Img_016.jpg,52113,"{""caption"":"""",""public_domain"":""no"",""image_url"":""""}",3,2,"{""name"":""rect"",""x"":61,""y"":216,""width"":208,""height"":182}","{""CLASS"":""Vests""}",400,600
328,HVMB_Img_001.jpg,54747,"{""caption"":"""",""public_domain"":""no"",""image_url"":""""}",7,0,"{""name"":""rect"",""x"":80,""y"":40,""width"":84,""height"":51}","{""CLASS"":""HardHat""}",501,334
329,HVMB_Img_001.jpg,54747,"{""caption"":"""",""public_domain"":""no"",""image_url"":""""}",7,1,"{""name"":""rect"",""x"":268,""y"":325,""width"":35,""height"":18}","{""CLASS"":""HardHat""}",501,334
330,HVMB_Img_001.jpg,54747,"{""caption"":"""",""public_domain"":""no"",""image_url"":""""}",7,2,"{""name"":""rect"",""x"":265,""y"":344,""width"":31,""height"":13}","{""CLASS"":""Masks""}",501,334
331,HVMB_Img_001.jpg,54747,"{""caption"":"""",""public_domain"":""no"",""image_url"":""""}",7,3,"{""name"":""rect"",""x"":257,""y"":357,""width"":57,""height"":71}","{""CLASS"":""Vests""}",501,334
332,HVMB_Img_001.jpg,54747,"{""caption"":"""",""public_domain"":""no"",""image_url"":""""}",7,4,"{""name"":""rect"",""x"":70,""y"":268,""width"":83,""height"":28}","{""CLASS"":""Boots""}",501,334
333,HVMB_Img_001.jpg,54747,"{""caption"":"""",""public_domain"":""no"",""image_url"":""""}",7,5,"{""name"":""rect"",""x"":93,""y"":80,""width"":91,""height"":23}","{""CLASS"":""Vests""}",501,334
334,HVMB_Img_001.jpg,54747,"{""caption"":"""",""public_domain"":""no"",""image_url"":""""}",7,6,"{""name"":""rect"",""x"":312,""y"":486,""width"":3,""height"":3}","{""CLASS"":undefined}",501,334
335,HVMB_Img_002.jpg,39718,"{""caption"":"""",""public_domain"":""no"",""image_url"":""""}",5,0,"{""name"":""rect"",""x"":167,""y"":221,""width"":146,""height"":25}","{""CLASS"":""HardHat""}",501,334
336,HVMB_Img_002.jpg,39718,"{""caption"":"""",""public_domain"":""no"",""image_url"":""""}",5,1,"{""name"":""rect"",""x"":175,""y"":253,""width"":136,""height"":26}","{""CLASS"":""Masks""}",501,334
337,HVMB_Img_002.jpg,39718,"{""caption"":"""",""public_domain"":""no"",""image_url"":""""}",5,2,"{""name"":""rect"",""x"":247,""y"":239,""width"":20,""height"":20}","{""CLASS"":""Masks""}",501,334
338,HVMB_Img_002.jpg,39718,"{""caption"":"""",""public_domain"":""no"",""image_url"":""""}",5,3,"{""name"":""rect"",""x"":151,""y"":260,""width"":173,""height"":78}","{""CLASS"":""Vests""}",501,334
339,HVMB_Img_002.jpg,39718,"{""caption"":"""",""public_domain"":""no"",""image_url"":""""}",5,4,"{""name"":""rect"",""x"":227,""y"":378,""width"":106,""height"":69}","{""CLASS"":""Boots""}",501,334
340,HVMB_Img_003.jpg,40458,"{""caption"":"""",""public_domain"":""no"",""image_url"":""""}",4,0,"{""name"":""rect"",""x"":119,""y"":219,""width"":36,""height"":23}","{""CLASS"":""HardHat""}",501,282
341,HVMB_Img_003.jpg,40458,"{""caption"":"""",""public_domain"":""no"",""image_url"":""""}",4,1,"{""name"":""rect"",""x"":113,""y"":244,""width"":34,""height"":16}","{""CLASS"":""Masks""}",501,282
342,HVMB_Img_003.jpg,40458,"{""caption"":"""",""public_domain"":""no"",""image_url"":""""}",4,2,"{""name"":""rect"",""x"":84,""y"":257,""width"":86,""height"":64}","{""CLASS"":""Vests""}",501,282
343,HVMB_Img_003.jpg,40458,"{""caption"":"""",""public_domain"":""no"",""image_url"":""""}",4,3,"{""name"":""rect"",""x"":55,""y"":367,""width"":163,""height"":59}","{""CLASS"":""Boots""}",501,282
344,HVMB_Img_004.jpg,74033,"{""caption"":"""",""public_domain"":""no"",""image_url"":""""}",4,0,"{""name"":""rect"",""x"":383,""y"":92,""width"":67,""height"":59}","{""CLASS"":""HardHat""}",750,500
345,HVMB_Img_004.jpg,74033,"{""caption"":"""",""public_domain"":""no"",""image_url"":""""}",4,1,"{""name"":""rect"",""x"":372,""y"":143,""width"":55,""height"":30}","{""CLASS"":""Masks""}",750,500
346,HVMB_Img_004.jpg,74033,"{""caption"":"""",""public_domain"":""no"",""image_url"":""""}",4,2,"{""name"":""rect"",""x"":332,""y"":165,""width"":131,""height"":139}","{""CLASS"":""Vests""}",750,500
347,HVMB_Img_004.jpg,74033,"{""caption"":"""",""public_domain"":""no"",""image_url"":""""}",4,3,"{""name"":""rect"",""x"":348,""y"":485,""width"":90,""height"":69}","{""CLASS"":""Boots""}",750,500
348,HVMB_Img_005.jpg,12342,"{""caption"":"""",""public_domain"":""no"",""image_url"":""""}",4,0,"{""name"":""rect"",""x"":89,""y"":60,""width"":29,""height"":24}","{""CLASS"":""HardHat""}",327,154
349,HVMB_Img_005.jpg,12342,"{""caption"":"""",""public_domain"":""no"",""image_url"":""""}",4,1,"{""name"":""rect"",""x"":86,""y"":85,""width"":23,""height"":19}","{""CLASS"":""Masks""}",327,154
350,HVMB_Img_005.jpg,12342,"{""caption"":"""",""public_domain"":""no"",""image_url"":""""}",4,2,"{""name"":""rect"",""x"":60,""y"":103,""width"":71,""height"":68}","{""CLASS"":""Vests""}",327,154
351,HVMB_Img_005.jpg,12342,"{""caption"":"""",""public_domain"":""no"",""image_url"":""""}",4,3,"{""name"":""rect"",""x"":61,""y"":226,""width"":47,""height"":31}","{""CLASS"":""Boots""}",327,154
352,HVMB_Img_006.jpg,83503,"{""caption"":"""",""public_domain"":""no"",""image_url"":""""}",11,0,"{""name"":""rect"",""x"":17,""y"":148,""width"":118,""height"":147}","{""CLASS"":""Vests""}",516,880
353,HVMB_Img_006.jpg,83503,"{""caption"":"""",""public_domain"":""no"",""image_url"":""""}",11,1,"{""name"":""rect"",""x"":220,""y"":142,""width"":125,""height"":132}","{""CLASS"":""Vests""}",516,880
354,HVMB_Img_006.jpg,83503,"{""caption"":"""",""public_domain"":""no"",""image_url"":""""}",11,2,"{""name"":""rect"",""x"":370,""y"":145,""width"":32,""height"":110}","{""CLASS"":""Vests""}",516,880
355,HVMB_Img_006.jpg,83503,"{""caption"":"""",""public_domain"":""no"",""image_url"":""""}",11,3,"{""name"":""rect"",""x"":542,""y"":138,""width"":168,""height"":122}","{""CLASS"":""Vests""}",516,880
356,HVMB_Img_006.jpg,83503,"{""caption"":"""",""public_domain"":""no"",""image_url"":""""}",11,4,"{""name"":""rect"",""x"":45,""y"":118,""width"":43,""height"":32}","{""CLASS"":""Masks""}",516,880
357,HVMB_Img_006.jpg,83503,"{""caption"":"""",""public_domain"":""no"",""image_url"":""""}",11,5,"{""name"":""rect"",""x"":274,""y"":83,""width"":62,""height"":40}","{""CLASS"":""Masks""}",516,880
358,HVMB_Img_006.jpg,83503,"{""caption"":"""",""public_domain"":""no"",""image_url"":""""}",11,6,"{""name"":""rect"",""x"":436,""y"":89,""width"":67,""height"":37}","{""CLASS"":""Masks""}",516,880
359,HVMB_Img_006.jpg,83503,"{""caption"":"""",""public_domain"":""no"",""image_url"":""""}",11,7,"{""name"":""rect"",""x"":610,""y"":105,""width"":48,""height"":27}","{""CLASS"":""Masks""}",516,880
360,HVMB_Img_006.jpg,83503,"{""caption"":"""",""public_domain"":""no"",""image_url"":""""}",11,8,"{""name"":""rect"",""x"":726,""y"":105,""width"":31,""height"":32}","{""CLASS"":""Masks""}",516,880
361,HVMB_Img_006.jpg,83503,"{""caption"":"""",""public_domain"":""no"",""image_url"":""""}",11,9,"{""name"":""rect"",""x"":502,""y"":98,""width"":44,""height"":35}","{""CLASS"":""Masks""}",516,880
362,HVMB_Img_006.jpg,83503,"{""caption"":"""",""public_domain"":""no"",""image_url"":""""}",11,10,"{""name"":""rect"",""x"":341,""y"":107,""width"":48,""height"":36}","{""CLASS"":""Masks""}",516,880
363,HVMB_Img_008.jpg,189798,"{""caption"":"""",""public_domain"":""no"",""image_url"":""""}",4,0,"{""name"":""rect"",""x"":544,""y"":36,""width"":182,""height"":116}","{""CLASS"":""HardHat""}",1287,1290
364,HVMB_Img_008.jpg,189798,"{""caption"":"""",""public_domain"":""no"",""image_url"":""""}",4,1,"{""name"":""rect"",""x"":589,""y"":166,""width"":130,""height"":64}","{""CLASS"":""Masks""}",1287,1290
365,HVMB_Img_008.jpg,189798,"{""caption"":"""",""public_domain"":""no"",""image_url"":""""}",4,2,"{""name"":""rect"",""x"":535,""y"":241,""width"":275,""height"":374}","{""CLASS"":""Vests""}",1287,1290
366,HVMB_Img_008.jpg,189798,"{""caption"":"""",""public_domain"":""no"",""image_url"":""""}",4,3,"{""name"":""rect"",""x"":720,""y"":1015,""width"":102,""height"":140}","{""CLASS"":""Boots""}",1287,1290
367,HVMB_Img_015.jpg,34603,"{""caption"":"""",""public_domain"":""no"",""image_url"":""""}",3,0,"{""name"":""rect"",""x"":168,""y"":177,""width"":38,""height"":33}","{""CLASS"":""HardHat""}",501,334
368,HVMB_Img_015.jpg,34603,"{""caption"":"""",""public_domain"":""no"",""image_url"":""""}",3,1,"{""name"":""rect"",""x"":122,""y"":199,""width"":102,""height"":86}","{""CLASS"":""Vests""}",501,334
369,HVMB_Img_015.jpg,34603,"{""caption"":"""",""public_domain"":""no"",""image_url"":""""}",3,2,"{""name"":""rect"",""x"":130,""y"":329,""width"":47,""height"":60}","{""CLASS"":""Boots""}",501,334
370,M_001.jpg,81572,"{""caption"":"""",""public_domain"":""no"",""image_url"":""""}",1,0,"{""name"":""rect"",""x"":324,""y"":206,""width"":223,""height"":174}","{""CLASS"":""Masks""}",550,825
371,M_002.jpg,105730,"{""caption"":"""",""public_domain"":""no"",""image_url"":""""}",1,0,"{""name"":""rect"",""x"":574,""y"":262,""width"":305,""height"":307}","{""CLASS"":""Masks""}",950,1400
372,M_003.jpg,105244,"{""caption"":"""",""public_domain"":""no"",""image_url"":""""}",1,0,"{""name"":""rect"",""x"":794,""y"":321,""width"":288,""height"":306}","{""CLASS"":""Masks""}",900,1600
373,M_004.jpg,22958,"{""caption"":"""",""public_domain"":""no"",""image_url"":""""}",1,0,"{""name"":""rect"",""x"":109,""y"":116,""width"":440,""height"":212}","{""CLASS"":""Masks""}",330,620
374,M_005.jpg,8380,"{""caption"":"""",""public_domain"":""no"",""image_url"":""""}",1,0,"{""name"":""rect"",""x"":41,""y"":64,""width"":127,""height"":139}","{""CLASS"":""Masks""}",243,207
375,MV_001.jpg,63085,"{""caption"":"""",""public_domain"":""no"",""image_url"":""""}",6,0,"{""name"":""rect"",""x"":319,""y"":163,""width"":39,""height"":26}","{""CLASS"":""Masks""}",420,640
376,MV_001.jpg,63085,"{""caption"":"""",""public_domain"":""no"",""image_url"":""""}",6,1,"{""name"":""rect"",""x"":390,""y"":136,""width"":39,""height"":42}","{""CLASS"":""Masks""}",420,640
377,MV_001.jpg,63085,"{""caption"":"""",""public_domain"":""no"",""image_url"":""""}",6,2,"{""name"":""rect"",""x"":206,""y"":186,""width"":14,""height"":10}","{""CLASS"":""Masks""}",420,640
378,MV_001.jpg,63085,"{""caption"":"""",""public_domain"":""no"",""image_url"":""""}",6,3,"{""name"":""rect"",""x"":197,""y"":202,""width"":57,""height"":81}","{""CLASS"":""Vests""}",420,640
379,MV_001.jpg,63085,"{""caption"":"""",""public_domain"":""no"",""image_url"":""""}",6,4,"{""name"":""rect"",""x"":293,""y"":185,""width"":81,""height"":108}","{""CLASS"":""Vests""}",420,640
380,MV_001.jpg,63085,"{""caption"":"""",""public_domain"":""no"",""image_url"":""""}",6,5,"{""name"":""rect"",""x"":381,""y"":173,""width"":98,""height"":154}","{""CLASS"":""Vests""}",420,640
381,MV_002.jpg,77096,"{""caption"":"""",""public_domain"":""no"",""image_url"":""""}",2,0,"{""name"":""rect"",""x"":373,""y"":102,""width"":125,""height"":72}","{""CLASS"":""Masks""}",596,800
382,MV_002.jpg,77096,"{""caption"":"""",""public_domain"":""no"",""image_url"":""""}",2,1,"{""name"":""rect"",""x"":321,""y"":185,""width"":254,""height"":259}","{""CLASS"":""Vests""}",596,800
383,MV_003.jpg,369029,"{""caption"":"""",""public_domain"":""no"",""image_url"":""""}",2,0,"{""name"":""rect"",""x"":680,""y"":450,""width"":331,""height"":334}","{""CLASS"":""Masks""}",1667,2500
384,MV_003.jpg,369029,"{""caption"":"""",""public_domain"":""no"",""image_url"":""""}",2,1,"{""name"":""rect"",""x"":561,""y"":729,""width"":564,""height"":591}","{""CLASS"":""Vests""}",1667,2500
385,MV_004.jpg,5197,"{""caption"":"""",""public_domain"":""no"",""image_url"":""""}",2,0,"{""name"":""rect"",""x"":129,""y"":31,""width"":43,""height"":46}","{""CLASS"":""Masks""}",183,275
386,MV_004.jpg,5197,"{""caption"":"""",""public_domain"":""no"",""image_url"":""""}",2,1,"{""name"":""rect"",""x"":109,""y"":54,""width"":111,""height"":106}","{""CLASS"":""Vests""}",183,275
387,V_Img_001.jpg,46371,"{""caption"":"""",""public_domain"":""no"",""image_url"":""""}",1,0,"{""name"":""rect"",""x"":310,""y"":184,""width"":383,""height"":308}","{""CLASS"":""Vests""}",500,750
388,V_Img_002.jpg,52811,"{""caption"":"""",""public_domain"":""no"",""image_url"":""""}",2,0,"{""name"":""rect"",""x"":583,""y"":33,""width"":150,""height"":213}","{""CLASS"":""Vests""}",500,793
389,V_Img_002.jpg,52811,"{""caption"":"""",""public_domain"":""no"",""image_url"":""""}",2,1,"{""name"":""rect"",""x"":602,""y"":439,""width"":116,""height"":55}","{""CLASS"":""Boots""}",500,793
390,V_Img_003.jpg,427743,"{""caption"":"""",""public_domain"":""no"",""image_url"":""""}",6,0,"{""name"":""rect"",""x"":878,""y"":447,""width"":132,""height"":156}","{""CLASS"":""Vests""}",1175,1567
391,V_Img_003.jpg,427743,"{""caption"":"""",""public_domain"":""no"",""image_url"":""""}",6,1,"{""name"":""rect"",""x"":1351,""y"":584,""width"":95,""height"":147}","{""CLASS"":""Vests""}",1175,1567
392,V_Img_003.jpg,427743,"{""caption"":"""",""public_domain"":""no"",""image_url"":""""}",6,2,"{""name"":""rect"",""x"":471,""y"":514,""width"":43,""height"":91}","{""CLASS"":""Vests""}",1175,1567
393,V_Img_003.jpg,427743,"{""caption"":"""",""public_domain"":""no"",""image_url"":""""}",6,3,"{""name"":""rect"",""x"":564,""y"":594,""width"":15,""height"":56}","{""CLASS"":""Vests""}",1175,1567
394,V_Img_003.jpg,427743,"{""caption"":"""",""public_domain"":""no"",""image_url"":""""}",6,4,"{""name"":""rect"",""x"":903,""y"":378,""width"":95,""height"":67}","{""CLASS"":""Masks""}",1175,1567
395,V_Img_003.jpg,427743,"{""caption"":"""",""public_domain"":""no"",""image_url"":""""}",6,5,"{""name"":""rect"",""x"":555,""y"":566,""width"":41,""height"":37}","{""CLASS"":""HardHat""}",1175,1567
396,V_Img_004.jpg,66530,"{""caption"":"""",""public_domain"":""no"",""image_url"":""""}",2,0,"{""name"":""rect"",""x"":155,""y"":459,""width"":98,""height"":80}","{""CLASS"":""HardHat""}",889,500
397,V_Img_004.jpg,66530,"{""caption"":"""",""public_domain"":""no"",""image_url"":""""}",2,1,"{""name"":""rect"",""x"":98,""y"":546,""width"":255,""height"":283}","{""CLASS"":""Vests""}",889,500
398,V_Img_005.jpg,107708,"{""caption"":"""",""public_domain"":""no"",""image_url"":""""}",2,0,"{""name"":""rect"",""x"":385,""y"":411,""width"":315,""height"":234}","{""CLASS"":""Vests""}",656,1024
399,V_Img_005.jpg,107708,"{""caption"":"""",""public_domain"":""no"",""image_url"":""""}",2,1,"{""name"":""rect"",""x"":772,""y"":267,""width"":200,""height"":244}","{""CLASS"":""Vests""}",656,1024
400,V_Img_006.jpg,172369,"{""caption"":"""",""public_domain"":""no"",""image_url"":""""}",2,0,"{""name"":""rect"",""x"":83,""y"":209,""width"":384,""height"":374}","{""CLASS"":""Vests""}",1024,683
401,V_Img_006.jpg,172369,"{""caption"":"""",""public_domain"":""no"",""image_url"":""""}",2,1,"{""name"":""rect"",""x"":100,""y"":860,""width"":320,""height"":156}","{""CLASS"":""Boots""}",1024,683
402,V_Img_007.jpg,16976,"{""caption"":"""",""public_domain"":""no"",""image_url"":""""}",1,0,"{""name"":""rect"",""x"":147,""y"":84,""width"":176,""height"":216}","{""CLASS"":""Vests""}",317,450
403,VB.jpg,34022,"{""caption"":"""",""public_domain"":""no"",""image_url"":""""}",3,0,"{""name"":""rect"",""x"":118,""y"":130,""width"":52,""height"":48}","{""CLASS"":""HardHat""}",501,282
404,VB.jpg,34022,"{""caption"":"""",""public_domain"":""no"",""image_url"":""""}",3,1,"{""name"":""rect"",""x"":87,""y"":172,""width"":103,""height"":101}","{""CLASS"":""Vests""}",501,282
405,VB.jpg,34022,"{""caption"":"""",""public_domain"":""no"",""image_url"":""""}",3,2,"{""name"":""rect"",""x"":75,""y"":388,""width"":124,""height"":48}","{""CLASS"":""Boots""}",501,282
406,VB_001.jpg,73126,"{""caption"":"""",""public_domain"":""no"",""image_url"":""""}",2,0,"{""name"":""rect"",""x"":301,""y"":287,""width"":492,""height"":741}","{""CLASS"":""Vests""}",1300,870
407,VB_001.jpg,73126,"{""caption"":"""",""public_domain"":""no"",""image_url"":""""}",2,1,"{""name"":""rect"",""x"":0,""y"":906,""width"":280,""height"":347}","{""CLASS"":""Boots""}",1300,870
408,VB_Img_001.jpg,67039,"{""caption"":"""",""public_domain"":""no"",""image_url"":""""}",3,0,"{""name"":""rect"",""x"":216,""y"":179,""width"":120,""height"":137}","{""CLASS"":""Vests""}",500,667
409,VB_Img_001.jpg,67039,"{""caption"":"""",""public_domain"":""no"",""image_url"":""""}",3,1,"{""name"":""rect"",""x"":337,""y"":207,""width"":51,""height"":34}","{""CLASS"":""HardHat""}",500,667
410,VB_Img_001.jpg,67039,"{""caption"":"""",""public_domain"":""no"",""image_url"":""""}",3,2,"{""name"":""rect"",""x"":262,""y"":444,""width"":113,""height"":42}","{""CLASS"":""Boots""}",500,667
411,VB_Img_002.jpg,94921,"{""caption"":"""",""public_domain"":""no"",""image_url"":""""}",2,0,"{""name"":""rect"",""x"":123,""y"":208,""width"":74,""height"":100}","{""CLASS"":""Vests""}",500,667
412,VB_Img_002.jpg,94921,"{""caption"":"""",""public_domain"":""no"",""image_url"":""""}",2,1,"{""name"":""rect"",""x"":151,""y"":359,""width"":57,""height"":23}","{""CLASS"":""Boots""}",500,667
413,VB_Img_003.jpg,49606,"{""caption"":"""",""public_domain"":""no"",""image_url"":""""}",2,0,"{""name"":""rect"",""x"":133,""y"":309,""width"":46,""height"":76}","{""CLASS"":""Vests""}",501,334
414,VB_Img_003.jpg,49606,"{""caption"":"""",""public_domain"":""no"",""image_url"":""""}",2,1,"{""name"":""rect"",""x"":138,""y"":426,""width"":56,""height"":21}","{""CLASS"":""Boots""}",501,334
415,VB_Img_004.jpg,79568,"{""caption"":"""",""public_domain"":""no"",""image_url"":""""}",1,0,"{""name"":""rect"",""x"":426,""y"":121,""width"":192,""height"":182}","{""CLASS"":""Vests""}",500,760
416,VBM_001.jpg,73229,"{""caption"":"""",""public_domain"":""no"",""image_url"":""""}",3,0,"{""name"":""rect"",""x"":325,""y"":98,""width"":50,""height"":30}","{""CLASS"":""Masks""}",575,862
417,VBM_001.jpg,73229,"{""caption"":"""",""public_domain"":""no"",""image_url"":""""}",3,1,"{""name"":""rect"",""x"":288,""y"":80,""width"":120,""height"":188}","{""CLASS"":""Vests""}",575,862
418,VBM_001.jpg,73229,"{""caption"":"""",""public_domain"":""no"",""image_url"":""""}",3,2,"{""name"":""rect"",""x"":308,""y"":389,""width"":148,""height"":62}","{""CLASS"":""Boots""}",575,862
419,VBM_002.jpg,132474,"{""caption"":"""",""public_domain"":""no"",""image_url"":""""}",4,0,"{""name"":""rect"",""x"":589,""y"":213,""width"":102,""height"":60}","{""CLASS"":""Masks""}",957,1300
420,VBM_002.jpg,132474,"{""caption"":"""",""public_domain"":""no"",""image_url"":""""}",4,1,"{""name"":""rect"",""x"":544,""y"":271,""width"":250,""height"":255}","{""CLASS"":""Vests""}",957,1300
421,VBM_002.jpg,132474,"{""caption"":"""",""public_domain"":""no"",""image_url"":""""}",4,2,"{""name"":""rect"",""x"":572,""y"":116,""width"":123,""height"":99}","{""CLASS"":""HardHat""}",957,1300
422,VBM_002.jpg,132474,"{""caption"":"""",""public_domain"":""no"",""image_url"":""""}",4,3,"{""name"":""rect"",""x"":558,""y"":727,""width"":223,""height"":127}","{""CLASS"":""Boots""}",957,1300
423,VBM_003.jpg,305067,"{""caption"":"""",""public_domain"":""no"",""image_url"":""""}",3,0,"{""name"":""rect"",""x"":593,""y"":363,""width"":171,""height"":118}","{""CLASS"":""Masks""}",1689,1071
424,VBM_003.jpg,305067,"{""caption"":"""",""public_domain"":""no"",""image_url"":""""}",3,1,"{""name"":""rect"",""x"":512,""y"":559,""width"":404,""height"":407}","{""CLASS"":""Vests""}",1689,1071
425,VBM_003.jpg,305067,"{""caption"":"""",""public_domain"":""no"",""image_url"":""""}",3,2,"{""name"":""rect"",""x"":500,""y"":1251,""width"":282,""height"":205}","{""CLASS"":""Boots""}",1689,1071
426,VBM_004.jpg,388487,"{""caption"":"""",""public_domain"":""no"",""image_url"":""""}",3,0,"{""name"":""rect"",""x"":310,""y"":144,""width"":102,""height"":62}","{""CLASS"":""Masks""}",747,1120
427,VBM_004.jpg,388487,"{""caption"":"""",""public_domain"":""no"",""image_url"":""""}",3,1,"{""name"":""rect"",""x"":244,""y"":210,""width"":243,""height"":236}","{""CLASS"":""Vests""}",747,1120
428,VBM_004.jpg,388487,"{""caption"":"""",""public_domain"":""no"",""image_url"":""""}",3,2,"{""name"":""rect"",""x"":242,""y"":604,""width"":247,""height"":82}","{""CLASS"":""Boots""}",747,1120
429,VBM_005.jpg,152913,"{""caption"":"""",""public_domain"":""no"",""image_url"":""""}",3,0,"{""name"":""rect"",""x"":386,""y"":202,""width"":128,""height"":89}","{""CLASS"":""Masks""}",1390,917
430,VBM_005.jpg,152913,"{""caption"":"""",""public_domain"":""no"",""image_url"":""""}",3,1,"{""name"":""rect"",""x"":284,""y"":286,""width"":335,""height"":421}","{""CLASS"":""Vests""}",1390,917
431,VBM_005.jpg,152913,"{""caption"":"""",""public_domain"":""no"",""image_url"":""""}",3,2,"{""name"":""rect"",""x"":314,""y"":986,""width"":243,""height"":125}","{""CLASS"":""Boots""}",1390,917
432,VM_001.jpg,78668,"{""caption"":"""",""public_domain"":""no"",""image_url"":""""}",4,0,"{""name"":""rect"",""x"":393,""y"":379,""width"":91,""height"":69}","{""CLASS"":""Boots""}",500,750
433,VM_001.jpg,78668,"{""caption"":"""",""public_domain"":""no"",""image_url"":""""}",4,1,"{""name"":""rect"",""x"":391,""y"":186,""width"":105,""height"":88}","{""CLASS"":""Vests""}",500,750
434,VM_001.jpg,78668,"{""caption"":"""",""public_domain"":""no"",""image_url"":""""}",4,2,"{""name"":""rect"",""x"":413,""y"":160,""width"":46,""height"":21}","{""CLASS"":""Masks""}",500,750
435,VM_001.jpg,78668,"{""caption"":"""",""public_domain"":""no"",""image_url"":""""}",4,3,"{""name"":""rect"",""x"":422,""y"":121,""width"":28,""height"":39}","{""CLASS"":""HardHat""}",500,750
436,VM_002.jpg,190660,"{""caption"":"""",""public_domain"":""no"",""image_url"":""""}",3,0,"{""name"":""rect"",""x"":477,""y"":379,""width"":169,""height"":95}","{""CLASS"":""HardHat""}",1300,864
437,VM_002.jpg,190660,"{""caption"":"""",""public_domain"":""no"",""image_url"":""""}",3,1,"{""name"":""rect"",""x"":532,""y"":470,""width"":74,""height"":48}","{""CLASS"":""Masks""}",1300,864
438,VM_002.jpg,190660,"{""caption"":"""",""public_domain"":""no"",""image_url"":""""}",3,2,"{""name"":""rect"",""x"":570,""y"":979,""width"":155,""height"":115}","{""CLASS"":""Boots""}",1300,864
439,VM_005.jpg,50421,"{""caption"":"""",""public_domain"":""no"",""image_url"":""""}",2,0,"{""name"":""rect"",""x"":123,""y"":130,""width"":160,""height"":144}","{""CLASS"":""Vests""}",501,334
440,VM_005.jpg,50421,"{""caption"":"""",""public_domain"":""no"",""image_url"":""""}",2,1,"{""name"":""rect"",""x"":175,""y"":462,""width"":80,""height"":25}","{""CLASS"":""Boots""}",501,334
